slug,question,sport,words,url
how-does-american-football-work,How does American football actually work?,american-football,469,https://nextclip.example/sports/other/explainers/how-does-american-football-work/
how-does-the-nfl-draft-work,How does the NFL Draft actually work?,american-football,427,https://nextclip.example/sports/other/explainers/how-does-the-nfl-draft-work/
what-is-the-super-bowl,What is the Super Bowl?,american-football,437,https://nextclip.example/sports/other/explainers/what-is-the-super-bowl/
10000m-athletics,What is 10000m?,athletics,340,https://nextclip.example/sports/other/explainers/10000m-athletics/
100m-athletics,How does 100m work in athletics?,athletics,340,https://nextclip.example/sports/other/explainers/100m-athletics/
110m-hurdles-athletics,What is 110m hurdles?,athletics,352,https://nextclip.example/sports/other/explainers/110m-hurdles-athletics/
1500m-athletics,What is 1500m?,athletics,340,https://nextclip.example/sports/other/explainers/1500m-athletics/
200m-athletics,How does 200m work in athletics?,athletics,340,https://nextclip.example/sports/other/explainers/200m-athletics/
400m-athletics,What is 400m?,athletics,340,https://nextclip.example/sports/other/explainers/400m-athletics/
400m-hurdles-athletics,What is 400m hurdles?,athletics,352,https://nextclip.example/sports/other/explainers/400m-hurdles-athletics/
5000m-athletics,What is 5000m?,athletics,340,https://nextclip.example/sports/other/explainers/5000m-athletics/
800m-athletics,What is 800m?,athletics,340,https://nextclip.example/sports/other/explainers/800m-athletics/
decathlon-athletics,What is Decathlon?,athletics,340,https://nextclip.example/sports/other/explainers/decathlon-athletics/
diamond-league-athletics,What is Diamond League?,athletics,352,https://nextclip.example/sports/other/explainers/diamond-league-athletics/
discus-athletics,What is Discus?,athletics,340,https://nextclip.example/sports/other/explainers/discus-athletics/
discus-cage-athletics,What is Discus cage?,athletics,352,https://nextclip.example/sports/other/explainers/discus-cage-athletics/
false-start-athletics,What is False start?,athletics,352,https://nextclip.example/sports/other/explainers/false-start-athletics/
grand-slam-track-athletics,What is Grand Slam Track?,athletics,331,https://nextclip.example/sports/other/explainers/grand-slam-track-athletics/
hammer-athletics,What is Hammer?,athletics,340,https://nextclip.example/sports/other/explainers/hammer-athletics/
hammer-wire-athletics,What is Hammer wire?,athletics,352,https://nextclip.example/sports/other/explainers/hammer-wire-athletics/
heptathlon-athletics,What is Heptathlon?,athletics,340,https://nextclip.example/sports/other/explainers/heptathlon-athletics/
high-jump-approach-athletics,What is High jump approach?,athletics,331,https://nextclip.example/sports/other/explainers/high-jump-approach-athletics/
high-jump-athletics,What is High jump?,athletics,352,https://nextclip.example/sports/other/explainers/high-jump-athletics/
how-does-400m-hurdles-work,How do 400m hurdles work?,athletics,372,https://nextclip.example/sports/other/explainers/how-does-400m-hurdles-work/
how-does-athletics-diamond-league-work,How does the Diamond League work?,athletics,594,https://nextclip.example/sports/other/explainers/how-does-athletics-diamond-league-work/
how-does-discus-throw-work,How does discus throw work?,athletics,587,https://nextclip.example/sports/other/explainers/how-does-discus-throw-work/
how-does-hammer-throw-work,How does hammer throw work?,athletics,861,https://nextclip.example/sports/other/explainers/how-does-hammer-throw-work/
how-does-high-jump-work,How does high jump work?,athletics,367,https://nextclip.example/sports/other/explainers/how-does-high-jump-work/
how-does-javelin-work,How does javelin work?,athletics,734,https://nextclip.example/sports/other/explainers/how-does-javelin-work/
how-does-long-jump-work,How does long jump work?,athletics,693,https://nextclip.example/sports/other/explainers/how-does-long-jump-work/
how-does-marathon-work,How does a marathon work?,athletics,428,https://nextclip.example/sports/other/explainers/how-does-marathon-work/
how-does-pole-vault-work,How does pole vault work?,athletics,634,https://nextclip.example/sports/other/explainers/how-does-pole-vault-work/
how-does-relay-4x100-work,How does the 4x100m relay work?,athletics,586,https://nextclip.example/sports/other/explainers/how-does-relay-4x100-work/
how-does-shot-put-work,How does shot put work?,athletics,411,https://nextclip.example/sports/other/explainers/how-does-shot-put-work/
how-does-track-and-field-work,How does track and field actually work?,athletics,409,https://nextclip.example/sports/other/explainers/how-does-track-and-field-work/
how-does-triple-jump-work,How does triple jump work?,athletics,665,https://nextclip.example/sports/other/explainers/how-does-triple-jump-work/
if-a-4x400m-baton-is-still-in-hand-when-zone-ends-athletics,If a 4x400m baton is still in hand when zone ends?,athletics,528,https://nextclip.example/sports/other/explainers/if-a-4x400m-baton-is-still-in-hand-when-zone-ends-athletics/
if-a-decathlon-1500m-runner-is-still-running-when-scoring-ta-athl,If a decathlon 1500m runner is still running when scoring table closes?,athletics,539,https://nextclip.example/sports/other/explainers/if-a-decathlon-1500m-runner-is-still-running-when-scoring-ta-athl/
if-a-discus-is-still-airborne-when-the-circle-foul-is-called-athl,If a discus is still airborne when the circle foul is called?,athletics,539,https://nextclip.example/sports/other/explainers/if-a-discus-is-still-airborne-when-the-circle-foul-is-called-athl/
if-a-discus-is-still-spinning-in-the-air-as-the-stadium-cloc-athl,"If a discus is still spinning in the air as the stadium clock hits zero, does the measurement count?",athletics,616,https://nextclip.example/sports/other/explainers/if-a-discus-is-still-spinning-in-the-air-as-the-stadium-cloc-athl/
if-a-discus-lands-as-the-sector-judges-flag-is-already-up-fo-athl,If a discus lands as the sector judge's flag is already up for foul?,athletics,561,https://nextclip.example/sports/other/explainers/if-a-discus-lands-as-the-sector-judges-flag-is-already-up-fo-athl/
if-a-hammer-is-thrown-with-2mm-over-circle-but-still-in-air-athle,If a hammer is thrown with 2mm over circle but still in air?,athletics,550,https://nextclip.example/sports/other/explainers/if-a-hammer-is-thrown-with-2mm-over-circle-but-still-in-air-athle/
if-a-hammers-wire-breaks-mid-flight-athletics,If a hammer's wire breaks mid-flight?,athletics,473,https://nextclip.example/sports/other/explainers/if-a-hammers-wire-breaks-mid-flight-athletics/
if-a-high-jump-attempt-is-still-being-judged-when-next-jumpe-athl,If a high jump attempt is still being judged when next jumper starts?,athletics,550,https://nextclip.example/sports/other/explainers/if-a-high-jump-attempt-is-still-being-judged-when-next-jumpe-athl/
if-a-high-jumper-clears-but-bar-falls-2-seconds-later-is-it--athl,"If a high jumper clears but bar falls 2 seconds later, is it foul?",athletics,561,https://nextclip.example/sports/other/explainers/if-a-high-jumper-clears-but-bar-falls-2-seconds-later-is-it--athl/
if-a-high-jumper-is-still-over-the-bar-when-the-time-expires-athl,If a high jumper is still over the bar when the time expires?,athletics,550,https://nextclip.example/sports/other/explainers/if-a-high-jumper-is-still-over-the-bar-when-the-time-expires-athl/
if-a-javelin-is-released-after-the-time-expires-vs-before-li-athl,If a javelin is released after the time expires vs before like football's whistle?,athletics,561,https://nextclip.example/sports/other/explainers/if-a-javelin-is-released-after-the-time-expires-vs-before-li-athl/
if-a-javelin-is-still-in-the-air-when-the-field-clock-hits-z-athl,"If a javelin is still in the air when the field clock hits zero, does the throw count?",athletics,605,https://nextclip.example/sports/other/explainers/if-a-javelin-is-still-in-the-air-when-the-field-clock-hits-z-athl/
if-a-javelin-tip-lands-1cm-beyond-90m-line-while-tail-still--athl,If a javelin tip lands 1cm beyond 90m line while tail still airborne?,athletics,550,https://nextclip.example/sports/other/explainers/if-a-javelin-tip-lands-1cm-beyond-90m-line-while-tail-still--athl/
if-a-jumpers-hair-touches-bar-after-clearance-as-ball-is-sti-athl,If a jumper's hair touches bar after clearance as ball is still on bar?,athletics,561,https://nextclip.example/sports/other/explainers/if-a-jumpers-hair-touches-bar-after-clearance-as-ball-is-sti-athl/
if-a-long-jump-board-is-1-22m-but-foot-1mm-over-plasticine-w-athl,If a long jump board is 1.22m but foot 1mm over plasticine with jump still in air?,athletics,594,https://nextclip.example/sports/other/explainers/if-a-long-jump-board-is-1-22m-but-foot-1mm-over-plasticine-w-athl/
if-a-long-jump-is-measured-8-95-but-wind-2-1-is-it-record-athleti,"If a long jump is measured 8.95 but wind +2.1, is it record?",athletics,550,https://nextclip.example/sports/other/explainers/if-a-long-jump-is-measured-8-95-but-wind-2-1-is-it-record-athleti/
if-a-long-jumpers-foot-is-1mm-over-plasticine-but-jump-still-athl,If a long jumper's foot is 1mm over plasticine but jump still in air?,athletics,561,https://nextclip.example/sports/other/explainers/if-a-long-jumpers-foot-is-1mm-over-plasticine-but-jump-still-athl/
if-a-pole-vault-bar-is-dislodged-by-wind-vs-athlete-after-cl-athl,If a pole vault bar is dislodged by wind vs athlete after clearance?,athletics,550,https://nextclip.example/sports/other/explainers/if-a-pole-vault-bar-is-dislodged-by-wind-vs-athlete-after-cl-athl/
if-a-race-is-stopped-while-a-throw-is-in-flight-due-to-prote-athl,If a race is stopped while a throw is in flight due to protest?,athletics,561,https://nextclip.example/sports/other/explainers/if-a-race-is-stopped-while-a-throw-is-in-flight-due-to-prote-athl/
if-a-race-walker-is-still-airborne-0-02-sec-when-judge-calls-athl,If a race walker is still airborne 0.02 sec when judge calls lifting?,athletics,550,https://nextclip.example/sports/other/explainers/if-a-race-walker-is-still-airborne-0-02-sec-when-judge-calls-athl/
if-a-race-walkers-knee-is-still-bent-at-contact-0-01-after-c-athl,If a race walker's knee is still bent at contact 0.01 after call?,athletics,550,https://nextclip.example/sports/other/explainers/if-a-race-walkers-knee-is-still-bent-at-contact-0-01-after-c-athl/
if-a-relay-baton-is-dropped-but-still-rolling-into-the-zone-athle,If a relay baton is dropped but still rolling into the zone?,athletics,539,https://nextclip.example/sports/other/explainers/if-a-relay-baton-is-dropped-but-still-rolling-into-the-zone-athle/
if-a-relay-exchange-is-made-1cm-outside-zone-with-baton-stil-athl,If a relay exchange is made 1cm outside zone with baton still in air?,athletics,561,https://nextclip.example/sports/other/explainers/if-a-relay-exchange-is-made-1cm-outside-zone-with-baton-stil-athl/
if-a-relay-team-is-still-exchanging-as-the-track-time-expire-athl,If a relay team is still exchanging as the track time expires?,athletics,539,https://nextclip.example/sports/other/explainers/if-a-relay-team-is-still-exchanging-as-the-track-time-expire-athl/
if-a-runner-is-still-on-track-when-infield-throw-lands-near-athle,If a runner is still on track when infield throw lands near?,athletics,539,https://nextclip.example/sports/other/explainers/if-a-runner-is-still-on-track-when-infield-throw-lands-near-athle/
if-a-runner-stumbles-and-knocks-a-hurdle-as-ball-is-still-ov-athl,If a runner stumbles and knocks a hurdle as ball is still over bar?,athletics,561,https://nextclip.example/sports/other/explainers/if-a-runner-stumbles-and-knocks-a-hurdle-as-ball-is-still-ov-athl/
if-a-shot-is-still-rolling-after-landing-when-time-expires-athlet,If a shot is still rolling after landing when time expires?,athletics,528,https://nextclip.example/sports/other/explainers/if-a-shot-is-still-rolling-after-landing-when-time-expires-athlet/
if-a-shot-lands-on-the-circle-edge-2-135m-still-rolling-athletics,If a shot lands on the circle edge 2.135m still rolling?,athletics,528,https://nextclip.example/sports/other/explainers/if-a-shot-lands-on-the-circle-edge-2-135m-still-rolling-athletics/
if-a-shot-put-is-released-with-foot-on-circle-edge-at-0-00-athlet,If a shot put is released with foot on circle edge at 0.00?,athletics,550,https://nextclip.example/sports/other/explainers/if-a-shot-put-is-released-with-foot-on-circle-edge-at-0-00-athlet/
if-a-sprinter-is-mid-stride-when-the-false-start-gun-fires-0-athl,If a sprinter is mid-stride when the false-start gun fires 0.099?,athletics,528,https://nextclip.example/sports/other/explainers/if-a-sprinter-is-mid-stride-when-the-false-start-gun-fires-0-athl/
if-a-sprinters-reaction-is-0-0999-vs-0-100-does-sensor-decid-athl,"If a sprinter's reaction is 0.0999 vs 0.100, does sensor decide?",athletics,528,https://nextclip.example/sports/other/explainers/if-a-sprinters-reaction-is-0-0999-vs-0-100-does-sensor-decid-athl/
if-a-sprinters-torso-is-still-behind-line-at-0-00-photo-1-10-athl,If a sprinter's torso is still behind line at 0.00 photo 1/1000?,athletics,539,https://nextclip.example/sports/other/explainers/if-a-sprinters-torso-is-still-behind-line-at-0-00-photo-1-10-athl/
if-a-throw-hits-the-sector-line-2-6mm-is-it-foul-athletics,"If a throw hits the sector line 2.6mm, is it foul?",athletics,528,https://nextclip.example/sports/other/explainers/if-a-throw-hits-the-sector-line-2-6mm-is-it-foul-athletics/
if-a-throw-is-released-0-01-before-time-but-lands-after-does-athl,"If a throw is released 0.01 before time but lands after, does it count like football's ball in flight?",athletics,616,https://nextclip.example/sports/other/explainers/if-a-throw-is-released-0-01-before-time-but-lands-after-does-athl/
if-a-throw-is-still-in-flight-when-the-venue-horn-for-field--athl,If a throw is still in flight when the venue horn for field closure sounds?,athletics,572,https://nextclip.example/sports/other/explainers/if-a-throw-is-still-in-flight-when-the-venue-horn-for-field--athl/
if-a-throw-lands-1mm-outside-sector-while-still-sliding-athletics,If a throw lands 1mm outside sector while still sliding?,athletics,517,https://nextclip.example/sports/other/explainers/if-a-throw-lands-1mm-outside-sector-while-still-sliding-athletics/
if-the-baton-is-still-in-the-air-during-a-relay-exchange-at--athl,If the baton is still in the air during a relay exchange at the zone edge?,athletics,583,https://nextclip.example/sports/other/explainers/if-the-baton-is-still-in-the-air-during-a-relay-exchange-at--athl/
if-the-hammer-is-still-orbiting-when-the-toe-board-is-touche-athl,If the hammer is still orbiting when the toe board is touched after release?,athletics,561,https://nextclip.example/sports/other/explainers/if-the-hammer-is-still-orbiting-when-the-toe-board-is-touche-athl/
if-the-marathon-clock-hits-zero-while-runner-is-mid-stride-t-athl,If the marathon clock hits zero while runner is mid-stride to line?,athletics,539,https://nextclip.example/sports/other/explainers/if-the-marathon-clock-hits-zero-while-runner-is-mid-stride-t-athl/
if-the-photo-finish-shows-0-001-but-clock-shows-0-01-roundin-athl,"If the photo finish shows 0.001 but clock shows 0.01 rounding, which counts?",athletics,550,https://nextclip.example/sports/other/explainers/if-the-photo-finish-shows-0-001-but-clock-shows-0-01-roundin-athl/
if-the-pole-vault-bar-is-still-wobbling-as-time-expires-is-i-athl,"If the pole vault bar is still wobbling as time expires, is it cleared?",athletics,561,https://nextclip.example/sports/other/explainers/if-the-pole-vault-bar-is-still-wobbling-as-time-expires-is-i-athl/
if-the-steeple-water-splash-is-still-airborne-when-next-runn-athl,If the steeple water splash is still airborne when next runner arrives?,athletics,539,https://nextclip.example/sports/other/explainers/if-the-steeple-water-splash-is-still-airborne-when-next-runn-athl/
if-the-wind-gauge-reads-2-1-vs-2-0-with-throw-still-in-fligh-athl,"If the wind gauge reads +2.1 vs +2.0 with throw still in flight, is it legal?",athletics,583,https://nextclip.example/sports/other/explainers/if-the-wind-gauge-reads-2-1-vs-2-0-with-throw-still-in-fligh-athl/
if-the-wind-reads-2-0-for-9-sec-then-2-2-at-10-sec-with-disc-athl,If the wind reads +2.0 for 9 sec then +2.2 at 10 sec with discus still aloft?,athletics,594,https://nextclip.example/sports/other/explainers/if-the-wind-reads-2-0-for-9-sec-then-2-2-at-10-sec-with-disc-athl/
javelin-athletics,What is Javelin?,athletics,340,https://nextclip.example/sports/other/explainers/javelin-athletics/
javelin-release-athletics,What is Javelin release?,athletics,352,https://nextclip.example/sports/other/explainers/javelin-release-athletics/
long-jump-athletics,What is Long jump?,athletics,352,https://nextclip.example/sports/other/explainers/long-jump-athletics/
marathon-athletics,What is Marathon?,athletics,340,https://nextclip.example/sports/other/explainers/marathon-athletics/
photo-finish-athletics,What is Photo finish?,athletics,352,https://nextclip.example/sports/other/explainers/photo-finish-athletics/
pole-vault-athletics,What is Pole vault?,athletics,352,https://nextclip.example/sports/other/explainers/pole-vault-athletics/
race-walk-athletics,What is Race walk?,athletics,352,https://nextclip.example/sports/other/explainers/race-walk-athletics/
record-ratification-athletics,What is Record ratification?,athletics,352,https://nextclip.example/sports/other/explainers/record-ratification-athletics/
relays-athletics,What is Relays?,athletics,340,https://nextclip.example/sports/other/explainers/relays-athletics/
shot-put-athletics,What is Shot put?,athletics,352,https://nextclip.example/sports/other/explainers/shot-put-athletics/
spikes-athletics,What is Spikes?,athletics,340,https://nextclip.example/sports/other/explainers/spikes-athletics/
steeple-water-athletics,What is Steeple water?,athletics,352,https://nextclip.example/sports/other/explainers/steeple-water-athletics/
steeplechase-athletics,What is Steeplechase?,athletics,340,https://nextclip.example/sports/other/explainers/steeplechase-athletics/
triple-jump-athletics,What is Triple jump?,athletics,352,https://nextclip.example/sports/other/explainers/triple-jump-athletics/
what-is-steeplechase,What is the steeplechase in athletics?,athletics,376,https://nextclip.example/sports/other/explainers/what-is-steeplechase/
why-are-the-olympics-every-four-years-the-olympiad-athletics-1,Why are the Olympics every four years (the Olympiad)?,athletics,421,https://nextclip.example/sports/other/explainers/why-are-the-olympics-every-four-years-the-olympiad-athletics-1/
why-do-0-01-decide-medals-since-1977-athletics-1,Why do 0.01 decide medals since 1977?,athletics,399,https://nextclip.example/sports/other/explainers/why-do-0-01-decide-medals-since-1977-athletics-1/
why-do-110m-hurdles-have-10-flights-at-1-067m-athletics-1,Why do 110m hurdles have 10 flights at 1.067m?,athletics,421,https://nextclip.example/sports/other/explainers/why-do-110m-hurdles-have-10-flights-at-1-067m-athletics-1/
why-do-1500m-start-in-lanes-vs-waterfall-athletics-1,Why do 1500m start in lanes vs waterfall?,athletics,410,https://nextclip.example/sports/other/explainers/why-do-1500m-start-in-lanes-vs-waterfall-athletics-1/
why-do-400m-hurdles-have-10-at-0-914-athletics-1,Why do 400m hurdles have 10 at 0.914?,athletics,410,https://nextclip.example/sports/other/explainers/why-do-400m-hurdles-have-10-at-0-914-athletics-1/
why-do-4x100m-exchanges-need-30m-zone-athletics-1,Why do 4x100m exchanges need 30m zone?,athletics,399,https://nextclip.example/sports/other/explainers/why-do-4x100m-exchanges-need-30m-zone-athletics-1/
why-do-5000m-runners-lap-at-62-sec-athletics-1,Why do 5000m runners lap at 62 sec?,athletics,410,https://nextclip.example/sports/other/explainers/why-do-5000m-runners-lap-at-62-sec-athletics-1/
why-do-8-lanes-run-400m-with-staggering-athletics-1,Why do 8 lanes run 400m with staggering?,athletics,410,https://nextclip.example/sports/other/explainers/why-do-8-lanes-run-400m-with-staggering-athletics-1/
why-do-800m-runners-break-after-100m-athletics,Why do 800m runners break after 100m?,athletics,385,https://nextclip.example/sports/other/explainers/why-do-800m-runners-break-after-100m-athletics/
why-do-altitude-1000m-add-0-07-to-100m-athletics-1,Why do altitude 1000m add 0.07 to 100m?,athletics,410,https://nextclip.example/sports/other/explainers/why-do-altitude-1000m-add-0-07-to-100m-athletics-1/
why-do-athletes-get-banned-for-biological-passport-athletics-1,Why do athletes get banned for biological passport?,athletics,410,https://nextclip.example/sports/other/explainers/why-do-athletes-get-banned-for-biological-passport-athletics-1/
why-do-athletics-teams-get-banned-for-federation-d-athletics-1,Why do athletics teams get banned for federation debt?,athletics,421,https://nextclip.example/sports/other/explainers/why-do-athletics-teams-get-banned-for-federation-d-athletics-1/
why-do-decathletes-score-1000-per-10-00-athletics-1,Why do decathletes score 1000 per 10.00?,athletics,399,https://nextclip.example/sports/other/explainers/why-do-decathletes-score-1000-per-10-00-athletics-1/
why-do-discus-cages-protect-at-250kph-release-athletics-1,Why do discus cages protect at 250kph release?,athletics,410,https://nextclip.example/sports/other/explainers/why-do-discus-cages-protect-at-250kph-release-athletics-1/
why-do-false-starts-disqualify-instantly-since-201-athletics-1,Why do false starts disqualify instantly since 2010?,athletics,410,https://nextclip.example/sports/other/explainers/why-do-false-starts-disqualify-instantly-since-201-athletics-1/
why-do-heptathletes-run-800m-last-athletics-1,Why do heptathletes run 800m last?,athletics,388,https://nextclip.example/sports/other/explainers/why-do-heptathletes-run-800m-last-athletics-1/
why-do-high-jump-bars-rise-3cm-increments-athletics-1,Why do high jump bars rise 3cm increments?,athletics,410,https://nextclip.example/sports/other/explainers/why-do-high-jump-bars-rise-3cm-increments-athletics-1/
why-do-jumps-measure-1cm-vs-throws-1mm-athletics-1,Why do jumps measure 1cm vs throws 1mm?,athletics,410,https://nextclip.example/sports/other/explainers/why-do-jumps-measure-1cm-vs-throws-1mm-athletics-1/
why-do-long-jumpers-need-20m-runway-plasticine-athletics-1,Why do long jumpers need 20m runway + plasticine?,athletics,421,https://nextclip.example/sports/other/explainers/why-do-long-jumpers-need-20m-runway-plasticine-athletics-1/
why-do-marathon-trials-have-21130-cutoff-athletics-1,Why do marathon trials have 2:11:30 cutoff?,athletics,399,https://nextclip.example/sports/other/explainers/why-do-marathon-trials-have-21130-cutoff-athletics-1/
why-do-pole-vault-pits-matter-at-6-18m-athletics-1,Why do pole vault pits matter at 6.18m?,athletics,410,https://nextclip.example/sports/other/explainers/why-do-pole-vault-pits-matter-at-6-18m-athletics-1/
why-do-pole-vaulters-need-45m-runway-athletics,Why do pole vaulters need 45m runway?,athletics,385,https://nextclip.example/sports/other/explainers/why-do-pole-vaulters-need-45m-runway-athletics/
why-do-race-walkers-get-disqualified-for-lifting-athletics-1,Why do race walkers get disqualified for lifting?,athletics,410,https://nextclip.example/sports/other/explainers/why-do-race-walkers-get-disqualified-for-lifting-athletics-1/
why-do-records-need-wind-gauge-1-hour-before-athletics-1,Why do records need wind gauge 1 hour before?,athletics,421,https://nextclip.example/sports/other/explainers/why-do-records-need-wind-gauge-1-hour-before-athletics-1/
why-do-so-many-kenyan-steeplechasers-dominate-athletics-1,Why do so many Kenyan steeplechasers dominate?,athletics,399,https://nextclip.example/sports/other/explainers/why-do-so-many-kenyan-steeplechasers-dominate-athletics-1/
why-do-spikes-have-6mm-vs-9mm-pins-athletics-1,Why do spikes have 6mm vs 9mm pins?,athletics,410,https://nextclip.example/sports/other/explainers/why-do-spikes-have-6mm-vs-9mm-pins-athletics-1/
why-do-sprinters-get-banned-for-doping-athletics-1,Why do sprinters get banned for doping?,athletics,399,https://nextclip.example/sports/other/explainers/why-do-sprinters-get-banned-for-doping-athletics-1/
why-do-teams-get-banned-for-whereabouts-3-failures-athletics-1,Why do teams get banned for whereabouts 3 failures?,athletics,421,https://nextclip.example/sports/other/explainers/why-do-teams-get-banned-for-whereabouts-3-failures-athletics-1/
why-do-teams-get-banned-in-athletics-relay-athletics-1,Why do teams get banned in athletics relay?,athletics,410,https://nextclip.example/sports/other/explainers/why-do-teams-get-banned-in-athletics-relay-athletics-1/
why-do-throwers-get-banned-for-lane-fouls-athletics-1,Why do throwers get banned for lane fouls?,athletics,410,https://nextclip.example/sports/other/explainers/why-do-throwers-get-banned-for-lane-fouls-athletics-1/
why-do-triple-jumpers-need-hop-step-jump-13m-11m-athletics-1,Why do triple jumpers need hop-step-jump 13m/11m?,athletics,399,https://nextclip.example/sports/other/explainers/why-do-triple-jumpers-need-hop-step-jump-13m-11m-athletics-1/
why-do-u20-get-banned-for-age-fraud-in-africa-athletics-1,Why do U20 get banned for age fraud in Africa?,athletics,432,https://nextclip.example/sports/other/explainers/why-do-u20-get-banned-for-age-fraud-in-africa-athletics-1/
why-do-women-run-100m-hurdles-at-0-84m-vs-men-1-06-athletics-1,Why do women run 100m hurdles at 0.84m vs men 1.067?,athletics,443,https://nextclip.example/sports/other/explainers/why-do-women-run-100m-hurdles-at-0-84m-vs-men-1-06-athletics-1/
why-do-world-championships-have-49-events-vs-olymp-athletics-1,Why do World Championships have 49 events vs Olympics 48?,athletics,432,https://nextclip.example/sports/other/explainers/why-do-world-championships-have-49-events-vs-olymp-athletics-1/
why-do-world-records-need-drug-test-within-24h-athletics-1,Why do world records need drug test within 24h?,athletics,421,https://nextclip.example/sports/other/explainers/why-do-world-records-need-drug-test-within-24h-athletics-1/
why-does-10-00-earn-1000-points-but-9-58-earns-120-athletics-1,Why does 10.00 earn 1000 points but 9.58 earns 1200?,athletics,432,https://nextclip.example/sports/other/explainers/why-does-10-00-earn-1000-points-but-9-58-earns-120-athletics-1/
why-does-diamond-league-give-32-points-to-final-6-athletics-1,Why does Diamond League give 32 points to final 6?,athletics,432,https://nextclip.example/sports/other/explainers/why-does-diamond-league-give-32-points-to-final-6-athletics-1/
why-does-grand-slam-track-pay-100k-per-slam-athletics-1,Why does Grand Slam Track pay $100k per slam?,athletics,421,https://nextclip.example/sports/other/explainers/why-does-grand-slam-track-pay-100k-per-slam-athletics-1/
why-does-hammer-7-26kg-men-vs-4kg-women-athletics-1,Why does hammer 7.26kg men vs 4kg women?,athletics,410,https://nextclip.example/sports/other/explainers/why-does-hammer-7-26kg-men-vs-4kg-women-athletics-1/
why-does-hammer-wire-1-22m-define-orbit-athletics-1,Why does hammer wire 1.22m define orbit?,athletics,399,https://nextclip.example/sports/other/explainers/why-does-hammer-wire-1-22m-define-orbit-athletics-1/
why-does-high-jump-use-fosbury-flop-vs-straddle-athletics-1,Why does high jump use Fosbury Flop vs straddle?,athletics,421,https://nextclip.example/sports/other/explainers/why-does-high-jump-use-fosbury-flop-vs-straddle-athletics-1/
why-does-javelin-need-29-degree-release-athletics-1,Why does javelin need 29-degree release?,athletics,388,https://nextclip.example/sports/other/explainers/why-does-javelin-need-29-degree-release-athletics-1/
why-does-photo-finish-use-1-1000-sec-athletics-1,Why does photo finish use 1/1000 sec?,athletics,399,https://nextclip.example/sports/other/explainers/why-does-photo-finish-use-1-1000-sec-athletics-1/
why-does-shot-put-circle-2-135m-matter-athletics-1,Why does shot put circle 2.135m matter?,athletics,399,https://nextclip.example/sports/other/explainers/why-does-shot-put-circle-2-135m-matter-athletics-1/
why-does-steeple-have-7-water-jumps-at-91-4cm-athletics-1,Why does steeple have 7 water jumps at 91.4cm?,athletics,421,https://nextclip.example/sports/other/explainers/why-does-steeple-have-7-water-jumps-at-91-4cm-athletics-1/
why-does-the-1500m-start-with-waterfall-athletics,Why does the 1500m start with waterfall?,athletics,385,https://nextclip.example/sports/other/explainers/why-does-the-1500m-start-with-waterfall-athletics/
why-does-the-4-year-cycle-align-with-world-cups-athletics-1,Why does the 4-year cycle align with World Cups?,athletics,421,https://nextclip.example/sports/other/explainers/why-does-the-4-year-cycle-align-with-world-cups-athletics-1/
why-does-wind-2-1-make-a-record-illegal-athletics-1,Why does wind +2.1 make a record illegal?,athletics,410,https://nextclip.example/sports/other/explainers/why-does-wind-2-1-make-a-record-illegal-athletics-1/
why-does-wind-reading-need-10-sec-average-athletics-1,Why does wind reading need 10 sec average?,athletics,410,https://nextclip.example/sports/other/explainers/why-does-wind-reading-need-10-sec-average-athletics-1/
why-is-marathon-42-195-km-not-40-athletics-1,Why is marathon 42.195 km not 40?,athletics,399,https://nextclip.example/sports/other/explainers/why-is-marathon-42-195-km-not-40-athletics-1/
wind-gauge-athletics,What is Wind gauge?,athletics,352,https://nextclip.example/sports/other/explainers/wind-gauge-athletics/
world-championships-athletics,What is World Championships?,athletics,352,https://nextclip.example/sports/other/explainers/world-championships-athletics/
3-point-line-basketball,What is 3-point line?,basketball,369,https://nextclip.example/sports/other/explainers/3-point-line-basketball/
3x3-ranking-basketball,What is 3x3 ranking?,basketball,369,https://nextclip.example/sports/other/explainers/3x3-ranking-basketball/
afrobasket-history-basketball,What is AfroBasket history?,basketball,369,https://nextclip.example/sports/other/explainers/afrobasket-history-basketball/
all-star-weekend-basketball,What is All-Star weekend?,basketball,369,https://nextclip.example/sports/other/explainers/all-star-weekend-basketball/
backcourt-violation-basketball,What is Backcourt violation?,basketball,369,https://nextclip.example/sports/other/explainers/backcourt-violation-basketball/
bubble-2020-basketball,What is Bubble 2020?,basketball,369,https://nextclip.example/sports/other/explainers/bubble-2020-basketball/
buzzer-beater-basketball,What is Buzzer beater?,basketball,369,https://nextclip.example/sports/other/explainers/buzzer-beater-basketball/
champions-league-basketball,What is Champions League?,basketball,369,https://nextclip.example/sports/other/explainers/champions-league-basketball/
draft-combine-basketball,What is Draft Combine?,basketball,369,https://nextclip.example/sports/other/explainers/draft-combine-basketball/
draft-rights-basketball,What is Draft rights?,basketball,369,https://nextclip.example/sports/other/explainers/draft-rights-basketball/
dunk-contest-basketball,What is Dunk contest?,basketball,369,https://nextclip.example/sports/other/explainers/dunk-contest-basketball/
eurocup-basketball,What is EuroCup?,basketball,358,https://nextclip.example/sports/other/explainers/eurocup-basketball/
fiba-history-basketball,What is FIBA history?,basketball,369,https://nextclip.example/sports/other/explainers/fiba-history-basketball/
fiba-ranking-basketball,What is FIBA ranking?,basketball,369,https://nextclip.example/sports/other/explainers/fiba-ranking-basketball/
foul-bonus-basketball,What is Foul bonus?,basketball,369,https://nextclip.example/sports/other/explainers/foul-bonus-basketball/
goaltending-basketball,What is Goaltending?,basketball,358,https://nextclip.example/sports/other/explainers/goaltending-basketball/
how-do-basketball-positions-work,How do basketball positions actually work?,basketball,377,https://nextclip.example/sports/other/explainers/how-do-basketball-positions-work/
how-do-fouls-and-free-throws-work-in-basketball,How do fouls and free throws work in basketball?,basketball,380,https://nextclip.example/sports/other/explainers/how-do-fouls-and-free-throws-work-in-basketball/
how-does-3x3-basketball-work,How does 3x3 basketball work?,basketball,499,https://nextclip.example/sports/other/explainers/how-does-3x3-basketball-work/
how-does-basketball-draft-lottery-work,How does the NBA Draft lottery actually work?,basketball,368,https://nextclip.example/sports/other/explainers/how-does-basketball-draft-lottery-work/
how-does-basketball-overtime-work-extra,How does basketball overtime really work?,basketball,481,https://nextclip.example/sports/other/explainers/how-does-basketball-overtime-work-extra/
how-does-basketball-shot-clock-work-in-fiba-vs-nba,How does the shot clock work — FIBA vs NBA?,basketball,624,https://nextclip.example/sports/other/explainers/how-does-basketball-shot-clock-work-in-fiba-vs-nba/
how-does-overtime-work-in-basketball,How does overtime work in basketball?,basketball,333,https://nextclip.example/sports/other/explainers/how-does-overtime-work-in-basketball/
how-does-ranking-work-in-fiba-vs-nba-power-basketball-1,How does ranking work in FIBA vs NBA power?,basketball,464,https://nextclip.example/sports/other/explainers/how-does-ranking-work-in-fiba-vs-nba-power-basketball-1/
how-does-scoring-work-in-american-basketball-1-2-a-basketball-1,"How does scoring work in American basketball (1, 2 and 3 points)?",basketball,494,https://nextclip.example/sports/other/explainers/how-does-scoring-work-in-american-basketball-1-2-a-basketball-1/
how-does-the-basketball-africa-league-qualificatio-basketball-1,How does the Basketball Africa League qualification work?,basketball,454,https://nextclip.example/sports/other/explainers/how-does-the-basketball-africa-league-qualificatio-basketball-1/
how-does-the-fiba-world-cup-work,How does the FIBA World Cup work?,basketball,442,https://nextclip.example/sports/other/explainers/how-does-the-fiba-world-cup-work/
how-does-the-nba-draft-lottery-work-basketball-1,How does the NBA draft lottery work?,basketball,444,https://nextclip.example/sports/other/explainers/how-does-the-nba-draft-lottery-work-basketball-1/
how-does-the-nba-playoff-work,How does the NBA playoff actually work?,basketball,483,https://nextclip.example/sports/other/explainers/how-does-the-nba-playoff-work/
how-does-the-shot-clock-work,How does the shot clock work in basketball?,basketball,381,https://nextclip.example/sports/other/explainers/how-does-the-shot-clock-work/
if-a-3-point-shots-foot-was-on-line-at-0-1-reviewed-after-basketb,"If a 3-point shot's foot was on line at 0.1, reviewed after?",basketball,497,https://nextclip.example/sports/other/explainers/if-a-3-point-shots-foot-was-on-line-at-0-1-reviewed-after-basketb/
if-a-buzzer-beater-is-released-at-0-01-and-goes-in-does-it-c-bask,"If a buzzer-beater is released at 0.01 and goes in, does it count vs 0.00?",basketball,527,https://nextclip.example/sports/other/explainers/if-a-buzzer-beater-is-released-at-0-01-and-goes-in-does-it-c-bask/
if-a-dunk-hangs-on-rim-after-clock-does-basket-count-basketball,"If a dunk hangs on rim after clock, does basket count?",basketball,487,https://nextclip.example/sports/other/explainers/if-a-dunk-hangs-on-rim-after-clock-does-basket-count-basketball/
if-a-free-throw-hits-both-rims-and-goes-in-after-time-basketball,If a free throw hits both rims and goes in after time?,basketball,497,https://nextclip.example/sports/other/explainers/if-a-free-throw-hits-both-rims-and-goes-in-after-time-basketball/
if-a-free-throw-is-still-rolling-on-the-rim-when-time-expire-bask,"If a free throw is still rolling on the rim when time expires, does it count?",basketball,537,https://nextclip.example/sports/other/explainers/if-a-free-throw-is-still-rolling-on-the-rim-when-time-expire-bask/
if-a-pass-is-still-flying-when-quarter-ends-and-then-caught--bask,If a pass is still flying when quarter ends and then caught for dunk?,basketball,517,https://nextclip.example/sports/other/explainers/if-a-pass-is-still-flying-when-quarter-ends-and-then-caught--bask/
if-a-player-catches-own-airball-and-scores-after-buzzer-basketbal,If a player catches own airball and scores after buzzer?,basketball,477,https://nextclip.example/sports/other/explainers/if-a-player-catches-own-airball-and-scores-after-buzzer-basketbal/
if-a-player-scores-after-palming-not-called-basketball,If a player scores after palming not called?,basketball,457,https://nextclip.example/sports/other/explainers/if-a-player-scores-after-palming-not-called-basketball/
if-a-player-scores-after-travelling-not-called-basketball,If a player scores after travelling not called?,basketball,457,https://nextclip.example/sports/other/explainers/if-a-player-scores-after-travelling-not-called-basketball/
if-a-player-scores-with-foot-on-3-point-line-is-it-2-or-3-basketb,"If a player scores with foot on 3-point line, is it 2 or 3?",basketball,517,https://nextclip.example/sports/other/explainers/if-a-player-scores-with-foot-on-3-point-line-is-it-2-or-3-basketb/
if-a-player-throws-ball-off-backboard-to-themselves-as-shot-baske,If a player throws ball off backboard to themselves as shot?,basketball,487,https://nextclip.example/sports/other/explainers/if-a-player-throws-ball-off-backboard-to-themselves-as-shot-baske/
if-a-player-tips-ball-in-after-time-with-0-0-basketball,If a player tips ball in after time with 0.0?,basketball,477,https://nextclip.example/sports/other/explainers/if-a-player-tips-ball-in-after-time-with-0-0-basketball/
if-a-shot-is-blocked-after-the-buzzer-is-it-goaltending-basketbal,"If a shot is blocked after the buzzer, is it goaltending?",basketball,487,https://nextclip.example/sports/other/explainers/if-a-shot-is-blocked-after-the-buzzer-is-it-goaltending-basketbal/
if-a-team-scores-with-6-players-on-court-at-buzzer-basketball,If a team scores with 6 players on court at buzzer?,basketball,487,https://nextclip.example/sports/other/explainers/if-a-team-scores-with-6-players-on-court-at-buzzer-basketball/
if-a-technical-foul-shot-is-still-in-air-when-game-ends-basketbal,If a technical foul shot is still in air when game ends?,basketball,497,https://nextclip.example/sports/other/explainers/if-a-technical-foul-shot-is-still-in-air-when-game-ends-basketbal/
if-overtime-ball-is-still-in-air-when-5-minute-period-ends-basket,If overtime ball is still in air when 5-minute period ends?,basketball,487,https://nextclip.example/sports/other/explainers/if-overtime-ball-is-still-in-air-when-5-minute-period-ends-basket/
if-the-ball-goes-in-after-8-second-backcourt-not-called-basketbal,If the ball goes in after 8-second backcourt not called?,basketball,477,https://nextclip.example/sports/other/explainers/if-the-ball-goes-in-after-8-second-backcourt-not-called-basketbal/
if-the-ball-goes-in-after-bouncing-off-the-referee-basketball,If the ball goes in after bouncing off the referee?,basketball,477,https://nextclip.example/sports/other/explainers/if-the-ball-goes-in-after-bouncing-off-the-referee-basketball/
if-the-ball-goes-in-after-buzzer-but-light-hadnt-lit-basketball,If the ball goes in after buzzer but light hadn't lit?,basketball,487,https://nextclip.example/sports/other/explainers/if-the-ball-goes-in-after-buzzer-but-light-hadnt-lit-basketball/
if-the-ball-goes-in-after-clock-malfunction-0-3-added-basketball,If the ball goes in after clock malfunction 0.3 added?,basketball,477,https://nextclip.example/sports/other/explainers/if-the-ball-goes-in-after-clock-malfunction-0-3-added-basketball/
if-the-ball-goes-in-after-defensive-goaltending-at-buzzer-basketb,If the ball goes in after defensive goaltending at buzzer?,basketball,477,https://nextclip.example/sports/other/explainers/if-the-ball-goes-in-after-defensive-goaltending-at-buzzer-basketb/
if-the-ball-goes-in-after-foul-before-shooting-motion-basketball,If the ball goes in after foul before shooting motion?,basketball,477,https://nextclip.example/sports/other/explainers/if-the-ball-goes-in-after-foul-before-shooting-motion-basketball/
if-the-ball-goes-in-after-inbound-5-second-violation-missed-baske,If the ball goes in after inbound 5-second violation missed?,basketball,477,https://nextclip.example/sports/other/explainers/if-the-ball-goes-in-after-inbound-5-second-violation-missed-baske/
if-the-ball-goes-in-after-offensive-basket-interference-basketbal,If the ball goes in after offensive basket interference?,basketball,467,https://nextclip.example/sports/other/explainers/if-the-ball-goes-in-after-offensive-basket-interference-basketbal/
if-the-ball-goes-in-after-offensive-goaltending-not-called-basket,If the ball goes in after offensive goaltending not called?,basketball,477,https://nextclip.example/sports/other/explainers/if-the-ball-goes-in-after-offensive-goaltending-not-called-basket/
if-the-ball-goes-in-after-scorers-table-horn-stops-play-basketbal,If the ball goes in after scorer's table horn stops play?,basketball,487,https://nextclip.example/sports/other/explainers/if-the-ball-goes-in-after-scorers-table-horn-stops-play-basketbal/
if-the-ball-goes-in-after-shot-clock-reset-error-14-vs-24-basketb,If the ball goes in after shot clock reset error 14 vs 24?,basketball,507,https://nextclip.example/sports/other/explainers/if-the-ball-goes-in-after-shot-clock-reset-error-14-vs-24-basketb/
if-the-ball-goes-in-after-team-called-timeout-at-0-2-basketball,If the ball goes in after team called timeout at 0.2?,basketball,487,https://nextclip.example/sports/other/explainers/if-the-ball-goes-in-after-team-called-timeout-at-0-2-basketball/
if-the-ball-goes-in-after-three-second-violation-missed-basketbal,If the ball goes in after three-second violation missed?,basketball,467,https://nextclip.example/sports/other/explainers/if-the-ball-goes-in-after-three-second-violation-missed-basketbal/
if-the-ball-goes-in-from-a-throw-in-pass-without-dribble-basketba,If the ball goes in from a throw-in pass without dribble?,basketball,487,https://nextclip.example/sports/other/explainers/if-the-ball-goes-in-from-a-throw-in-pass-without-dribble-basketba/
if-the-ball-goes-in-from-behind-backboard-basketball,If the ball goes in from behind backboard?,basketball,457,https://nextclip.example/sports/other/explainers/if-the-ball-goes-in-from-behind-backboard-basketball/
if-the-ball-goes-through-the-hoop-from-below-does-it-count-basket,"If the ball goes through the hoop from below, does it count?",basketball,497,https://nextclip.example/sports/other/explainers/if-the-ball-goes-through-the-hoop-from-below-does-it-count-basket/
if-the-ball-hits-the-shot-clock-and-goes-in-basketball,If the ball hits the shot clock and goes in?,basketball,477,https://nextclip.example/sports/other/explainers/if-the-ball-hits-the-shot-clock-and-goes-in-basketball/
if-the-ball-is-in-air-and-foul-before-buzzer-and-1-basketball,"If the ball is in air and foul before buzzer, and-1?",basketball,487,https://nextclip.example/sports/other/explainers/if-the-ball-is-in-air-and-foul-before-buzzer-and-1-basketball/
if-the-ball-is-in-cylinder-when-clock-hits-zero-basketball,If the ball is in cylinder when clock hits zero?,basketball,477,https://nextclip.example/sports/other/explainers/if-the-ball-is-in-cylinder-when-clock-hits-zero-basketball/
if-the-ball-is-still-in-the-air-when-shot-clock-hits-zero-an-bask,"If the ball is still in the air when shot clock hits zero and then goes in, does it count?",basketball,577,https://nextclip.example/sports/other/explainers/if-the-ball-is-still-in-the-air-when-shot-clock-hits-zero-an-bask/
if-the-ball-is-stuck-between-rim-and-backboard-at-buzzer-basketba,If the ball is stuck between rim and backboard at buzzer?,basketball,487,https://nextclip.example/sports/other/explainers/if-the-ball-is-stuck-between-rim-and-backboard-at-buzzer-basketba/
if-the-ball-lodges-between-rim-and-board-at-final-second-basketba,If the ball lodges between rim and board at final second?,basketball,487,https://nextclip.example/sports/other/explainers/if-the-ball-lodges-between-rim-and-board-at-final-second-basketba/
if-the-buzzer-sounds-mid-dribble-is-travelling-still-called-baske,"If the buzzer sounds mid-dribble, is travelling still called?",basketball,467,https://nextclip.example/sports/other/explainers/if-the-buzzer-sounds-mid-dribble-is-travelling-still-called-baske/
if-the-game-clock-and-shot-clock-differ-by-0-1-at-release-basketb,If the game clock and shot clock differ by 0.1 at release?,basketball,497,https://nextclip.example/sports/other/explainers/if-the-game-clock-and-shot-clock-differ-by-0-1-at-release-basketb/
if-the-game-ends-with-ball-pinned-against-backboard-basketball,If the game ends with ball pinned against backboard?,basketball,467,https://nextclip.example/sports/other/explainers/if-the-game-ends-with-ball-pinned-against-backboard-basketball/
if-the-horn-sounds-while-ball-is-on-rim-basketball,If the horn sounds while ball is on rim?,basketball,467,https://nextclip.example/sports/other/explainers/if-the-horn-sounds-while-ball-is-on-rim-basketball/
if-the-replay-shows-0-00-but-ball-left-hand-at-0-04-does-it--bask,"If the replay shows 0.00 but ball left hand at 0.04, does it count?",basketball,517,https://nextclip.example/sports/other/explainers/if-the-replay-shows-0-00-but-ball-left-hand-at-0-04-does-it--bask/
if-the-scoreboard-shows-0-0-but-light-is-still-red-basketball,If the scoreboard shows 0.0 but light is still red?,basketball,477,https://nextclip.example/sports/other/explainers/if-the-scoreboard-shows-0-0-but-light-is-still-red-basketball/
mvp-award-basketball,What is MVP award?,basketball,369,https://nextclip.example/sports/other/explainers/mvp-award-basketball/
nba-cup-basketball,What is NBA Cup?,basketball,369,https://nextclip.example/sports/other/explainers/nba-cup-basketball/
nba-salary-cap-basketball,What is NBA salary cap?,basketball,380,https://nextclip.example/sports/other/explainers/nba-salary-cap-basketball/
olympic-basketball-basketball,What is Olympic basketball?,basketball,369,https://nextclip.example/sports/other/explainers/olympic-basketball-basketball/
play-in-basketball,What is Play-In?,basketball,358,https://nextclip.example/sports/other/explainers/play-in-basketball/
stats-analytics-basketball,What is Stats analytics?,basketball,369,https://nextclip.example/sports/other/explainers/stats-analytics-basketball/
trade-rules-basketball,What is Trade rules?,basketball,369,https://nextclip.example/sports/other/explainers/trade-rules-basketball/
travelling-fiba-basketball,What is Travelling FIBA?,basketball,369,https://nextclip.example/sports/other/explainers/travelling-fiba-basketball/
triple-double-history-basketball,What is Triple-double history?,basketball,369,https://nextclip.example/sports/other/explainers/triple-double-history-basketball/
what-is-a-double-dribble,What is a double dribble?,basketball,348,https://nextclip.example/sports/other/explainers/what-is-a-double-dribble/
what-is-a-technical-foul,What is a technical foul?,basketball,337,https://nextclip.example/sports/other/explainers/what-is-a-technical-foul/
what-is-a-triple-double-in-basketball,What is a triple-double in basketball?,basketball,422,https://nextclip.example/sports/other/explainers/what-is-a-triple-double-in-basketball/
what-is-afrobasket,What is AfroBasket?,basketball,394,https://nextclip.example/sports/other/explainers/what-is-afrobasket/
what-is-goaltending,What is goaltending in basketball?,basketball,377,https://nextclip.example/sports/other/explainers/what-is-goaltending/
what-is-march-madness,What is March Madness?,basketball,446,https://nextclip.example/sports/other/explainers/what-is-march-madness/
what-is-the-basketball-africa-league-bal,What is the Basketball Africa League (BAL)?,basketball,397,https://nextclip.example/sports/other/explainers/what-is-the-basketball-africa-league-bal/
what-is-the-euroleague-basketball,What is the EuroLeague in basketball?,basketball,449,https://nextclip.example/sports/other/explainers/what-is-the-euroleague-basketball/
what-is-the-nba-g-league-and-two-way-contract,What is the G League and two-way contract?,basketball,502,https://nextclip.example/sports/other/explainers/what-is-the-nba-g-league-and-two-way-contract/
what-is-the-three-second-rule,What is the three-second rule?,basketball,354,https://nextclip.example/sports/other/explainers/what-is-the-three-second-rule/
what-is-travelling-in-basketball,What is travelling in basketball?,basketball,345,https://nextclip.example/sports/other/explainers/what-is-travelling-in-basketball/
why-are-free-throws-sometimes-one-and-sometimes-tw-basketball-1,Why are free throws sometimes one and sometimes two (or three)?,basketball,484,https://nextclip.example/sports/other/explainers/why-are-free-throws-sometimes-one-and-sometimes-tw-basketball-1/
why-are-some-jersey-numbers-banned-or-retired-basketball-1,Why are some jersey numbers banned or retired?,basketball,454,https://nextclip.example/sports/other/explainers/why-are-some-jersey-numbers-banned-or-retired-basketball-1/
why-are-there-6-fouls-in-nba-vs-5-in-fiba-basketball-1,Why are there 6 fouls in NBA vs 5 in FIBA?,basketball,484,https://nextclip.example/sports/other/explainers/why-are-there-6-fouls-in-nba-vs-5-in-fiba-basketball-1/
why-are-timeouts-7-per-nba-team-vs-5-in-fiba-basketball-1,Why are timeouts 7 per NBA team vs 5 in FIBA?,basketball,484,https://nextclip.example/sports/other/explainers/why-are-timeouts-7-per-nba-team-vs-5-in-fiba-basketball-1/
why-do-3x3-games-go-to-21-points-basketball-1,Why do 3x3 games go to 21 points?,basketball,454,https://nextclip.example/sports/other/explainers/why-do-3x3-games-go-to-21-points-basketball-1/
why-do-academies-produce-nba-talent-late-basketball-1,Why do academies produce NBA talent late?,basketball,444,https://nextclip.example/sports/other/explainers/why-do-academies-produce-nba-talent-late-basketball-1/
why-do-basketball-players-get-banned-or-suspended-basketball-1,Why do basketball players get banned or suspended?,basketball,454,https://nextclip.example/sports/other/explainers/why-do-basketball-players-get-banned-or-suspended-basketball-1/
why-do-basketball-teams-get-banned-or-forfeit-basketball-1,Why do basketball teams get banned or forfeit?,basketball,454,https://nextclip.example/sports/other/explainers/why-do-basketball-teams-get-banned-or-forfeit-basketball-1/
why-do-coaches-challenge-calls-since-2019-basketball-1,Why do coaches challenge calls since 2019?,basketball,444,https://nextclip.example/sports/other/explainers/why-do-coaches-challenge-calls-since-2019-basketball-1/
why-do-college-teams-get-banned-by-ncaa-basketball-1,Why do college teams get banned by NCAA?,basketball,454,https://nextclip.example/sports/other/explainers/why-do-college-teams-get-banned-by-ncaa-basketball-1/
why-do-fiba-games-last-40-minutes-vs-nba-48-basketball-1,Why do FIBA games last 40 minutes vs NBA 48?,basketball,474,https://nextclip.example/sports/other/explainers/why-do-fiba-games-last-40-minutes-vs-nba-48-basketball-1/
why-do-fiba-world-cup-windows-exist-in-season-basketball-1,Why do FIBA World Cup windows exist in-season?,basketball,454,https://nextclip.example/sports/other/explainers/why-do-fiba-world-cup-windows-exist-in-season-basketball-1/
why-do-nba-contracts-have-a-salary-cap-vs-europe-n-basketball-1,Why do NBA contracts have a salary cap vs Europe not?,basketball,484,https://nextclip.example/sports/other/explainers/why-do-nba-contracts-have-a-salary-cap-vs-europe-n-basketball-1/
why-do-nba-teams-get-fined-for-resting-stars-basketball-1,Why do NBA teams get fined for resting stars?,basketball,464,https://nextclip.example/sports/other/explainers/why-do-nba-teams-get-fined-for-resting-stars-basketball-1/
why-do-nba-teams-play-82-games-basketball-1,Why do NBA teams play 82 games?,basketball,444,https://nextclip.example/sports/other/explainers/why-do-nba-teams-play-82-games-basketball-1/
why-do-olympic-basketball-groups-have-12-teams-basketball-1,Why do Olympic basketball groups have 12 teams?,basketball,454,https://nextclip.example/sports/other/explainers/why-do-olympic-basketball-groups-have-12-teams-basketball-1/
why-do-players-foul-intentionally-at-the-end-basketball-1,Why do players foul intentionally at the end?,basketball,454,https://nextclip.example/sports/other/explainers/why-do-players-foul-intentionally-at-the-end-basketball-1/
why-do-players-get-banned-for-gambling-in-basketba-basketball-1,Why do players get banned for gambling in basketball?,basketball,464,https://nextclip.example/sports/other/explainers/why-do-players-get-banned-for-gambling-in-basketba-basketball-1/
why-do-players-get-ejected-for-flagrant-fouls-basketball-1,Why do players get ejected for flagrant fouls?,basketball,454,https://nextclip.example/sports/other/explainers/why-do-players-get-ejected-for-flagrant-fouls-basketball-1/
why-do-players-tape-fingers-vs-not-basketball-1,Why do players tape fingers vs not?,basketball,444,https://nextclip.example/sports/other/explainers/why-do-players-tape-fingers-vs-not-basketball-1/
why-do-referees-review-last-two-minute-calls-basketball-1,Why do referees review last-two-minute calls?,basketball,434,https://nextclip.example/sports/other/explainers/why-do-referees-review-last-two-minute-calls-basketball-1/
why-do-referees-use-replay-for-out-of-bounds-basketball-1,Why do referees use replay for out-of-bounds?,basketball,444,https://nextclip.example/sports/other/explainers/why-do-referees-use-replay-for-out-of-bounds-basketball-1/
why-do-teams-forfeit-for-ineligible-players-basketball-1,Why do teams forfeit for ineligible players?,basketball,444,https://nextclip.example/sports/other/explainers/why-do-teams-forfeit-for-ineligible-players-basketball-1/
why-do-teams-have-a-bonus-free-throw-after-5-fouls-basketball-1,Why do teams have a bonus free throw after 5 fouls?,basketball,484,https://nextclip.example/sports/other/explainers/why-do-teams-have-a-bonus-free-throw-after-5-fouls-basketball-1/
why-do-teams-have-two-way-contracts-in-nba-basketball-1,Why do teams have two-way contracts in NBA?,basketball,454,https://nextclip.example/sports/other/explainers/why-do-teams-have-two-way-contracts-in-nba-basketball-1/
why-do-teams-tank-for-draft-odds-basketball-1,Why do teams tank for draft odds?,basketball,444,https://nextclip.example/sports/other/explainers/why-do-teams-tank-for-draft-odds-basketball-1/
why-do-teams-wear-light-vs-dark-jerseys-at-home-basketball-1,Why do teams wear light vs dark jerseys at home?,basketball,474,https://nextclip.example/sports/other/explainers/why-do-teams-wear-light-vs-dark-jerseys-at-home-basketball-1/
why-does-afrobasket-happen-every-4-years-basketball-1,Why does AfroBasket happen every 4 years?,basketball,444,https://nextclip.example/sports/other/explainers/why-does-afrobasket-happen-every-4-years-basketball-1/
why-does-college-basketball-have-march-madness-68--basketball-1,Why does college basketball have March Madness 68 teams?,basketball,464,https://nextclip.example/sports/other/explainers/why-does-college-basketball-have-march-madness-68--basketball-1/
why-does-fiba-allow-zone-defense-differently-basketball-1,Why does FIBA allow zone defense differently?,basketball,444,https://nextclip.example/sports/other/explainers/why-does-fiba-allow-zone-defense-differently-basketball-1/
why-does-overtime-last-5-minutes-not-4-basketball-1,Why does overtime last 5 minutes not 4?,basketball,454,https://nextclip.example/sports/other/explainers/why-does-overtime-last-5-minutes-not-4-basketball-1/
why-does-the-g-league-use-experimental-rules-basketball-1,Why does the G League use experimental rules?,basketball,454,https://nextclip.example/sports/other/explainers/why-does-the-g-league-use-experimental-rules-basketball-1/
why-does-the-pba-allow-4-point-shots-and-import-ca-basketball-1,Why does the PBA allow 4-point shots and import caps?,basketball,474,https://nextclip.example/sports/other/explainers/why-does-the-pba-allow-4-point-shots-and-import-ca-basketball-1/
why-does-the-pba-have-three-conferences-per-season-basketball-1,Why does the PBA have three conferences per season?,basketball,464,https://nextclip.example/sports/other/explainers/why-does-the-pba-have-three-conferences-per-season-basketball-1/
why-does-the-shot-clock-reset-to-14-vs-24-basketball-1,Why does the shot clock reset to 14 vs 24?,basketball,474,https://nextclip.example/sports/other/explainers/why-does-the-shot-clock-reset-to-14-vs-24-basketball-1/
why-does-the-wnba-use-a-smaller-ball-basketball-1,Why does the WNBA use a smaller ball?,basketball,454,https://nextclip.example/sports/other/explainers/why-does-the-wnba-use-a-smaller-ball-basketball-1/
why-is-a-4-point-shot-allowed-in-philippines-baske-basketball-1,Why is a 4-point shot allowed in Philippines basketball (PBA)?,basketball,474,https://nextclip.example/sports/other/explainers/why-is-a-4-point-shot-allowed-in-philippines-baske-basketball-1/
why-is-flopping-penalized-basketball-1,Why is flopping penalized?,basketball,414,https://nextclip.example/sports/other/explainers/why-is-flopping-penalized-basketball-1/
why-is-goaltending-illegal-basketball-1,Why is goaltending illegal?,basketball,414,https://nextclip.example/sports/other/explainers/why-is-goaltending-illegal-basketball-1/
why-is-hand-checking-illegal-now-basketball-1,Why is hand-checking illegal now?,basketball,424,https://nextclip.example/sports/other/explainers/why-is-hand-checking-illegal-now-basketball-1/
why-is-the-3-point-line-different-in-nba-vs-fiba-basketball-1,Why is the 3-point line different in NBA vs FIBA?,basketball,474,https://nextclip.example/sports/other/explainers/why-is-the-3-point-line-different-in-nba-vs-fiba-basketball-1/
why-is-the-4-regarded-sacred-in-philippines-basket-basketball-1,Why is the 4 regarded sacred in Philippines basketball culture?,basketball,474,https://nextclip.example/sports/other/explainers/why-is-the-4-regarded-sacred-in-philippines-basket-basketball-1/
why-is-the-backcourt-violation-8-seconds-basketball-1,Why is the backcourt violation 8 seconds?,basketball,444,https://nextclip.example/sports/other/explainers/why-is-the-backcourt-violation-8-seconds-basketball-1/
why-is-the-ball-29-5-inches-and-22-ounces-basketball-1,Why is the ball 29.5 inches and 22 ounces?,basketball,464,https://nextclip.example/sports/other/explainers/why-is-the-ball-29-5-inches-and-22-ounces-basketball-1/
why-is-the-euroleague-final-four-one-game-not-seri-basketball-1,Why is the EuroLeague Final Four one game not series?,basketball,474,https://nextclip.example/sports/other/explainers/why-is-the-euroleague-final-four-one-game-not-seri-basketball-1/
why-is-travelling-called-so-strictly-in-fiba-basketball-1,Why is travelling called so strictly in FIBA?,basketball,454,https://nextclip.example/sports/other/explainers/why-is-travelling-called-so-strictly-in-fiba-basketball-1/
wings-vs-guards-basketball,What is Wings vs guards?,basketball,380,https://nextclip.example/sports/other/explainers/wings-vs-guards-basketball/
wnba-season-basketball,What is WNBA season?,basketball,369,https://nextclip.example/sports/other/explainers/wnba-season-basketball/
womens-afrobasket-basketball,What is Women's AfroBasket?,basketball,369,https://nextclip.example/sports/other/explainers/womens-afrobasket-basketball/
womens-ncaa-basketball,What is Women's NCAA?,basketball,369,https://nextclip.example/sports/other/explainers/womens-ncaa-basketball/
ali-frazier-combat,What is Ali-Frazier?,combat,345,https://nextclip.example/sports/other/explainers/ali-frazier-combat/
amanda-nunes-combat,What is Amanda Nunes?,combat,324,https://nextclip.example/sports/other/explainers/amanda-nunes-combat/
amateur-boxing-combat,What is Amateur boxing?,combat,324,https://nextclip.example/sports/other/explainers/amateur-boxing-combat/
anderson-silva-combat,What is Anderson Silva?,combat,324,https://nextclip.example/sports/other/explainers/anderson-silva-combat/
apex-venue-combat,What is Apex venue?,combat,324,https://nextclip.example/sports/other/explainers/apex-venue-combat/
bellator-combat,What is Bellator?,combat,345,https://nextclip.example/sports/other/explainers/bellator-combat/
bellator-vs-pfl-combat,What is Bellator vs PFL?,combat,336,https://nextclip.example/sports/other/explainers/bellator-vs-pfl-combat/
boxing-training-combat,What is Boxing training?,combat,324,https://nextclip.example/sports/other/explainers/boxing-training-combat/
canelo-vs-ggg-combat,What is Canelo vs GGG?,combat,336,https://nextclip.example/sports/other/explainers/canelo-vs-ggg-combat/
champion-belts-combat,What is Champion belts?,combat,324,https://nextclip.example/sports/other/explainers/champion-belts-combat/
cut-man-combat,What is Cut man?,combat,324,https://nextclip.example/sports/other/explainers/cut-man-combat/
defense-combat,What is Defense?,combat,345,https://nextclip.example/sports/other/explainers/defense-combat/
fighter-pay-combat,What is Fighter pay?,combat,324,https://nextclip.example/sports/other/explainers/fighter-pay-combat/
footwork-combat,What is Footwork?,combat,345,https://nextclip.example/sports/other/explainers/footwork-combat/
glory-kickboxing-combat,What is Glory kickboxing?,combat,324,https://nextclip.example/sports/other/explainers/glory-kickboxing-combat/
ground-game-combat,What is Ground game?,combat,324,https://nextclip.example/sports/other/explainers/ground-game-combat/
heavyweight-history-combat,What is Heavyweight history?,combat,324,https://nextclip.example/sports/other/explainers/heavyweight-history-combat/
how-do-mma-weight-classes-work,How do MMA weight classes work?,combat,592,https://nextclip.example/sports/other/explainers/how-do-mma-weight-classes-work/
how-does-boxing-scoring-work,How does boxing scoring actually work?,combat,395,https://nextclip.example/sports/other/explainers/how-does-boxing-scoring-work/
how-does-karate-and-taekwondo-scoring-work,How do karate and taekwondo scoring work?,combat,440,https://nextclip.example/sports/other/explainers/how-does-karate-and-taekwondo-scoring-work/
if-a-fighter-is-still-against-the-cage-with-0-2-left-and-kne-comb,If a fighter is still against the cage with 0.2 left and knee lands after bell?,combat,581,https://nextclip.example/sports/other/explainers/if-a-fighter-is-still-against-the-cage-with-0-2-left-and-kne-comb/
if-a-fighter-is-still-at-180bpm-heart-rate-as-the-bell-rings-comb,If a fighter is still at 180bpm heart rate as the bell rings and collapses?,combat,571,https://nextclip.example/sports/other/explainers/if-a-fighter-is-still-at-180bpm-heart-rate-as-the-bell-rings-comb/
if-a-fighter-is-still-at-weigh-in-with-8-12-cut-and-faints-a-comb,If a fighter is still at weigh-in with 8-12% cut and faints as scales close?,combat,571,https://nextclip.example/sports/other/explainers/if-a-fighter-is-still-at-weigh-in-with-8-12-cut-and-faints-a-comb/
if-a-fighter-is-still-being-checked-by-doctor-as-the-bell-ri-comb,"If a fighter is still being checked by doctor as the bell rings, does round start?",combat,581,https://nextclip.example/sports/other/explainers/if-a-fighter-is-still-being-checked-by-doctor-as-the-bell-ri-comb/
if-a-fighter-is-still-being-counted-out-but-the-bell-for-the-comb,If a fighter is still being counted out but the bell for the next round would have rung?,combat,601,https://nextclip.example/sports/other/explainers/if-a-fighter-is-still-being-counted-out-but-the-bell-for-the-comb/
if-a-fighter-is-still-being-given-instructions-60-seconds-be-comb,If a fighter is still being given instructions 60 seconds between rounds and round starts early?,combat,581,https://nextclip.example/sports/other/explainers/if-a-fighter-is-still-being-given-instructions-60-seconds-be-comb/
if-a-fighter-is-still-being-stitched-with-enswell-as-the-nex-comb,If a fighter is still being stitched with enswell as the next round bell rings?,combat,571,https://nextclip.example/sports/other/explainers/if-a-fighter-is-still-being-stitched-with-enswell-as-the-nex-comb/
if-a-fighter-is-still-bleeding-2-6mm-vs-0-8-swelling-as-the--comb,"If a fighter is still bleeding 2.6mm vs 0.8 swelling as the bell rings, does cut man work?",combat,601,https://nextclip.example/sports/other/explainers/if-a-fighter-is-still-bleeding-2-6mm-vs-0-8-swelling-as-the--comb/
if-a-fighter-is-still-clinched-with-1-second-left-and-elbow--comb,If a fighter is still clinched with 1 second left and elbow lands 0.1 after bell?,combat,581,https://nextclip.example/sports/other/explainers/if-a-fighter-is-still-clinched-with-1-second-left-and-elbow--comb/
if-a-fighter-is-still-dehydrated-5-at-weigh-in-time-is-he-ba-comb,"If a fighter is still dehydrated 5% at weigh-in time, is he banned?",combat,551,https://nextclip.example/sports/other/explainers/if-a-fighter-is-still-dehydrated-5-at-weigh-in-time-is-he-ba-comb/
if-a-fighter-is-still-falling-after-a-knockdown-as-the-bell--comb,"If a fighter is still falling after a knockdown as the bell rings, does count continue?",combat,581,https://nextclip.example/sports/other/explainers/if-a-fighter-is-still-falling-after-a-knockdown-as-the-bell--comb/
if-a-fighter-is-still-grounded-with-knees-down-as-the-head-k-comb,If a fighter is still grounded with knees down as the head kick lands at bell?,combat,581,https://nextclip.example/sports/other/explainers/if-a-fighter-is-still-grounded-with-knees-down-as-the-head-k-comb/
if-a-fighter-is-still-in-the-16-20ft-boxing-ring-corner-with-comb,If a fighter is still in the 16-20ft boxing ring corner with 0.5 left and combo lands after bell?,combat,611,https://nextclip.example/sports/other/explainers/if-a-fighter-is-still-in-the-16-20ft-boxing-ring-corner-with-comb/
if-a-fighter-is-still-in-the-3-minute-between-rounds-break-b-comb,If a fighter is still in the 3-minute between-rounds break but wants to continue early?,combat,571,https://nextclip.example/sports/other/explainers/if-a-fighter-is-still-in-the-3-minute-between-rounds-break-b-comb/
if-a-fighter-is-still-in-the-750-sq-ft-octagon-but-foot-is-o-comb,If a fighter is still in the 750 sq-ft Octagon but foot is on line at bell?,combat,591,https://nextclip.example/sports/other/explainers/if-a-fighter-is-still-in-the-750-sq-ft-octagon-but-foot-is-o-comb/
if-a-fighter-is-still-in-the-air-from-a-flying-knee-when-the-comb,If a fighter is still in the air from a flying knee when the bell rings?,combat,581,https://nextclip.example/sports/other/explainers/if-a-fighter-is-still-in-the-air-from-a-flying-knee-when-the-comb/
if-a-fighter-is-still-in-the-apex-1000-empty-arena-vs-20k-ar-comb,If a fighter is still in the Apex 1000 empty arena vs 20k arena as punch flies after bell?,combat,611,https://nextclip.example/sports/other/explainers/if-a-fighter-is-still-in-the-apex-1000-empty-arena-vs-20k-ar-comb/
if-a-fighter-is-still-in-the-blue-corner-when-the-towel-is-t-comb,If a fighter is still in the blue corner when the towel is thrown still in air?,combat,591,https://nextclip.example/sports/other/explainers/if-a-fighter-is-still-in-the-blue-corner-when-the-towel-is-t-comb/
if-a-fighter-is-still-in-the-octagon-with-0-01-left-on-clock-comb,If a fighter is still in the Octagon with 0.01 left on clock and lands a head kick?,combat,601,https://nextclip.example/sports/other/explainers/if-a-fighter-is-still-in-the-octagon-with-0-01-left-on-clock-comb/
if-a-fighter-is-still-on-the-canvas-with-10-count-3-2-1-as-b-comb,If a fighter is still on the canvas with 10 count 3...2...1 as bell rings for next round in tournament?,combat,621,https://nextclip.example/sports/other/explainers/if-a-fighter-is-still-on-the-canvas-with-10-count-3-2-1-as-b-comb/
if-a-fighter-is-still-on-the-scale-with-towel-at-weight-time-comb,If a fighter is still on the scale with towel at weight time?,combat,551,https://nextclip.example/sports/other/explainers/if-a-fighter-is-still-on-the-scale-with-towel-at-weight-time-comb/
if-a-fighter-is-still-on-the-stool-when-the-bell-rings-for-n-comb,If a fighter is still on the stool when the bell rings for next round?,combat,571,https://nextclip.example/sports/other/explainers/if-a-fighter-is-still-on-the-stool-when-the-bell-rings-for-n-comb/
if-a-fighter-is-still-standing-8-count-as-the-bell-rings-in--comb,If a fighter is still standing 8 count as the bell rings in boxing 12x3?,combat,571,https://nextclip.example/sports/other/explainers/if-a-fighter-is-still-standing-8-count-as-the-bell-rings-in--comb/
if-a-fighter-is-still-wrapping-hands-as-the-walkout-bell-rin-comb,If a fighter is still wrapping hands as the walkout bell rings?,combat,541,https://nextclip.example/sports/other/explainers/if-a-fighter-is-still-wrapping-hands-as-the-walkout-bell-rin-comb/
if-a-fighter-lands-a-punch-with-0-00-on-clock-but-light-stil-comb,If a fighter lands a punch with 0.00 on clock but light still lit?,combat,561,https://nextclip.example/sports/other/explainers/if-a-fighter-lands-a-punch-with-0-00-on-clock-but-light-stil-comb/
if-a-fighter-misses-weight-but-is-still-cutting-as-the-bell--comb,If a fighter misses weight but is still cutting as the bell for weigh-in ends?,combat,571,https://nextclip.example/sports/other/explainers/if-a-fighter-misses-weight-but-is-still-cutting-as-the-bell--comb/
if-a-fighter-taps-0-1-after-the-bell-while-choke-is-still-on-comb,"If a fighter taps 0.1 after the bell while choke is still on, is it win?",combat,581,https://nextclip.example/sports/other/explainers/if-a-fighter-taps-0-1-after-the-bell-while-choke-is-still-on-comb/
if-a-fighter-taps-to-strikes-still-being-thrown-as-the-bell--comb,If a fighter taps to strikes still being thrown as the bell rings?,combat,551,https://nextclip.example/sports/other/explainers/if-a-fighter-taps-to-strikes-still-being-thrown-as-the-bell--comb/
if-a-fighters-corner-is-still-shouting-instructions-as-the-b-comb,If a fighter's corner is still shouting instructions as the bell rings?,combat,541,https://nextclip.example/sports/other/explainers/if-a-fighters-corner-is-still-shouting-instructions-as-the-b-comb/
if-a-fighters-corner-throws-towel-still-in-air-as-the-knocko-comb,If a fighter's corner throws towel still in air as the knockout punch lands mid-flight?,combat,571,https://nextclip.example/sports/other/explainers/if-a-fighters-corner-throws-towel-still-in-air-as-the-knocko-comb/
if-a-fighters-glove-is-still-undone-as-the-punch-lands-combat,If a fighter's glove is still undone as the punch lands?,combat,531,https://nextclip.example/sports/other/explainers/if-a-fighters-glove-is-still-undone-as-the-punch-lands-combat/
if-a-fighters-head-kick-is-still-in-motion-as-the-bell-rings-comb,If a fighter's head kick is still in motion as the bell rings for the round end?,combat,591,https://nextclip.example/sports/other/explainers/if-a-fighters-head-kick-is-still-in-motion-as-the-bell-rings-comb/
if-a-fighters-mouthpiece-is-still-flying-as-the-punch-lands--comb,If a fighter's mouthpiece is still flying as the punch lands after bell?,combat,551,https://nextclip.example/sports/other/explainers/if-a-fighters-mouthpiece-is-still-flying-as-the-punch-lands--comb/
if-a-headbutt-is-still-bleeding-as-the-bell-rings-does-docto-comb,"If a headbutt is still bleeding as the bell rings, does doctor stop between rounds?",combat,571,https://nextclip.example/sports/other/explainers/if-a-headbutt-is-still-bleeding-as-the-bell-rings-does-docto-comb/
if-a-knockout-punch-lands-0-1-after-the-bell-is-it-a-foul-or-comb,"If a knockout punch lands 0.1 after the bell, is it a foul or a win?",combat,581,https://nextclip.example/sports/other/explainers/if-a-knockout-punch-lands-0-1-after-the-bell-is-it-a-foul-or-comb/
if-a-low-blow-is-still-being-assessed-as-the-punch-that-foll-comb,If a low blow is still being assessed as the punch that followed lands?,combat,561,https://nextclip.example/sports/other/explainers/if-a-low-blow-is-still-being-assessed-as-the-punch-that-foll-comb/
if-a-punch-is-still-in-the-air-when-the-corner-throws-in-the-comb,If a punch is still in the air when the corner throws in the towel?,combat,571,https://nextclip.example/sports/other/explainers/if-a-punch-is-still-in-the-air-when-the-corner-throws-in-the-comb/
if-a-punch-is-still-travelling-when-the-bell-rings-at-300-do-comb,"If a punch is still travelling when the bell rings at 3:00, does it score?",combat,571,https://nextclip.example/sports/other/explainers/if-a-punch-is-still-travelling-when-the-bell-rings-at-300-do-comb/
if-a-submission-is-still-being-applied-as-the-bell-rings-doe-comb,"If a submission is still being applied as the bell rings, does tap count?",combat,561,https://nextclip.example/sports/other/explainers/if-a-submission-is-still-being-applied-as-the-bell-rings-doe-comb/
if-a-takedown-is-still-in-motion-when-the-round-ends-does-it-comb,"If a takedown is still in motion when the round ends, does it score?",combat,561,https://nextclip.example/sports/other/explainers/if-a-takedown-is-still-in-motion-when-the-round-ends-does-it-comb/
if-the-cornerman-is-still-in-the-ring-as-the-punch-is-flying-comb,If the cornerman is still in the ring as the punch is flying at bell?,combat,571,https://nextclip.example/sports/other/explainers/if-the-cornerman-is-still-in-the-ring-as-the-punch-is-flying-comb/
if-the-cut-mans-enswell-is-still-on-the-swelling-as-the-punc-comb,If the cut man's enswell is still on the swelling as the punch lands after bell?,combat,581,https://nextclip.example/sports/other/explainers/if-the-cut-mans-enswell-is-still-on-the-swelling-as-the-punc-comb/
if-the-gloves-touch-the-canvas-still-sliding-as-the-bell-rin-comb,If the gloves touch the canvas still sliding as the bell rings?,combat,541,https://nextclip.example/sports/other/explainers/if-the-gloves-touch-the-canvas-still-sliding-as-the-bell-rin-comb/
if-the-referee-is-still-counting-10-seconds-as-the-bell-ring-comb,If the referee is still counting 10 seconds as the bell rings for the round?,combat,571,https://nextclip.example/sports/other/explainers/if-the-referee-is-still-counting-10-seconds-as-the-bell-ring-comb/
jon-jones-combat,What is Jon Jones?,combat,324,https://nextclip.example/sports/other/explainers/jon-jones-combat/
judging-combat,What is Judging?,combat,345,https://nextclip.example/sports/other/explainers/judging-combat/
kickboxing-combat,What is Kickboxing?,combat,345,https://nextclip.example/sports/other/explainers/kickboxing-combat/
knockout-types-combat,What is Knockout types?,combat,324,https://nextclip.example/sports/other/explainers/knockout-types-combat/
matchmaking-combat,What is Matchmaking?,combat,345,https://nextclip.example/sports/other/explainers/matchmaking-combat/
mcgregor-vs-khabib-combat,What is McGregor vs Khabib?,combat,336,https://nextclip.example/sports/other/explainers/mcgregor-vs-khabib-combat/
mma-camp-combat,What is MMA camp?,combat,324,https://nextclip.example/sports/other/explainers/mma-camp-combat/
mma-scoring-combat,What is MMA scoring?,combat,324,https://nextclip.example/sports/other/explainers/mma-scoring-combat/
muay-thai-combat,What is Muay Thai?,combat,324,https://nextclip.example/sports/other/explainers/muay-thai-combat/
olympic-boxing-combat,What is Olympic boxing?,combat,324,https://nextclip.example/sports/other/explainers/olympic-boxing-combat/
one-championship-combat,What is ONE Championship?,combat,324,https://nextclip.example/sports/other/explainers/one-championship-combat/
p4p-history-combat,What is P4P history?,combat,324,https://nextclip.example/sports/other/explainers/p4p-history-combat/
performance-bonus-combat,What is Performance bonus?,combat,324,https://nextclip.example/sports/other/explainers/performance-bonus-combat/
promotion-combat,What is Promotion?,combat,345,https://nextclip.example/sports/other/explainers/promotion-combat/
rankings-combat,What is Rankings?,combat,345,https://nextclip.example/sports/other/explainers/rankings-combat/
striking-combat,What is Striking?,combat,345,https://nextclip.example/sports/other/explainers/striking-combat/
takedown-combat,What is Takedown?,combat,345,https://nextclip.example/sports/other/explainers/takedown-combat/
tyson-legacy-combat,What is Tyson legacy?,combat,324,https://nextclip.example/sports/other/explainers/tyson-legacy-combat/
ufc-history-combat,What is UFC history?,combat,324,https://nextclip.example/sports/other/explainers/ufc-history-combat/
unified-rules-combat,What is Unified rules?,combat,324,https://nextclip.example/sports/other/explainers/unified-rules-combat/
walkout-combat,What is Walkout?,combat,345,https://nextclip.example/sports/other/explainers/walkout-combat/
weight-class-history-combat,What is Weight class history?,combat,336,https://nextclip.example/sports/other/explainers/weight-class-history-combat/
weight-cut-deep-combat,What is Weight cut deep?,combat,336,https://nextclip.example/sports/other/explainers/weight-cut-deep-combat/
what-are-boxing-belts-wba-wbc-ibf-wbo,"What are the boxing belts — WBA, WBC, IBF, WBO?",combat,566,https://nextclip.example/sports/other/explainers/what-are-boxing-belts-wba-wbc-ibf-wbo/
what-is-bare-knuckle-boxing,What is bare-knuckle boxing?,combat,432,https://nextclip.example/sports/other/explainers/what-is-bare-knuckle-boxing/
what-is-mma-and-how-does-ufc-work,What is MMA — and how does the UFC work?,combat,450,https://nextclip.example/sports/other/explainers/what-is-mma-and-how-does-ufc-work/
what-is-pfl-mma-season,What is the PFL MMA season?,combat,446,https://nextclip.example/sports/other/explainers/what-is-pfl-mma-season/
what-is-pound-for-pound-in-combat,What does pound-for-pound mean in boxing/MMA?,combat,696,https://nextclip.example/sports/other/explainers/what-is-pound-for-pound-in-combat/
why-do-belts-need-wba-wbc-ibf-wbo-4-bodies-vs-ufc--combat-1,Why do belts need WBA/WBC/IBF/WBO 4 bodies vs UFC 1?,combat,437,https://nextclip.example/sports/other/explainers/why-do-belts-need-wba-wbc-ibf-wbo-4-bodies-vs-ufc--combat-1/
why-do-canelo-vs-ggg-2-draws-before-undisputed-168-combat-1,Why do Canelo vs GGG 2 draws before undisputed 168?,combat,437,https://nextclip.example/sports/other/explainers/why-do-canelo-vs-ggg-2-draws-before-undisputed-168-combat-1/
why-do-champions-get-stripped-for-inactivity-12-mo-combat-1,Why do champions get stripped for inactivity 12 months?,combat,426,https://nextclip.example/sports/other/explainers/why-do-champions-get-stripped-for-inactivity-12-mo-combat-1/
why-do-fighters-get-banned-for-doping-or-eye-gouge-combat-1,Why do fighters get banned for doping or eye gouges?,combat,437,https://nextclip.example/sports/other/explainers/why-do-fighters-get-banned-for-doping-or-eye-gouge-combat-1/
why-do-fighters-get-banned-for-eye-pokes-combat,Why do fighters get banned for eye pokes?,combat,401,https://nextclip.example/sports/other/explainers/why-do-fighters-get-banned-for-eye-pokes-combat/
why-do-fighters-get-banned-for-missing-weight-3-ti-combat-1,Why do fighters get banned for missing weight 3 times?,combat,437,https://nextclip.example/sports/other/explainers/why-do-fighters-get-banned-for-missing-weight-3-ti-combat-1/
why-do-gyms-get-banned-for-unsanctioned-bouts-combat-1,Why do gyms get banned for unsanctioned bouts?,combat,415,https://nextclip.example/sports/other/explainers/why-do-gyms-get-banned-for-unsanctioned-bouts-combat-1/
why-do-pfl-seasons-give-1m-per-weight-playoff-4-of-combat-1,Why do PFL seasons give $1m per weight playoff 4 of 10?,combat,459,https://nextclip.example/sports/other/explainers/why-do-pfl-seasons-give-1m-per-weight-playoff-4-of-combat-1/
why-do-promotions-ban-fighters-for-betting-fixes-combat-1,Why do promotions ban fighters for betting fixes?,combat,415,https://nextclip.example/sports/other/explainers/why-do-promotions-ban-fighters-for-betting-fixes-combat-1/
why-do-rankings-give-top-15-title-shot-vs-boxing-t-combat-1,Why do rankings give top 15 title shot vs boxing top 10?,combat,459,https://nextclip.example/sports/other/explainers/why-do-rankings-give-top-15-title-shot-vs-boxing-t-combat-1/
why-do-teams-gyms-get-banned-in-combat-sports-combat-1,Why do teams (gyms) get banned in combat sports?,combat,426,https://nextclip.example/sports/other/explainers/why-do-teams-gyms-get-banned-in-combat-sports-combat-1/
why-do-unified-rules-forbid-12-6-elbows-combat-1,Why do unified rules forbid 12-6 elbows?,combat,404,https://nextclip.example/sports/other/explainers/why-do-unified-rules-forbid-12-6-elbows-combat-1/
why-do-weight-classes-add-10lb-vs-6kg-gaps-combat-1,Why do weight classes add 10lb vs 6kg gaps?,combat,426,https://nextclip.example/sports/other/explainers/why-do-weight-classes-add-10lb-vs-6kg-gaps-combat-1/
why-do-weight-cuts-8-12-in-7-days-vs-5-hydration-r-combat-1,Why do weight cuts 8-12% in 7 days vs 5% hydration retest decide?,combat,470,https://nextclip.example/sports/other/explainers/why-do-weight-cuts-8-12-in-7-days-vs-5-hydration-r-combat-1/
why-do-women-get-same-5x5-title-fights-since-2022-combat-1,Why do women get same 5x5 title fights since 2022?,combat,437,https://nextclip.example/sports/other/explainers/why-do-women-get-same-5x5-title-fights-since-2022-combat-1/
why-does-ali-frazier-thrilla-14-vs-15-rounds-defin-combat-1,Why does Ali-Frazier Thrilla 14 vs 15 rounds define 15→12 reduction?,combat,448,https://nextclip.example/sports/other/explainers/why-does-ali-frazier-thrilla-14-vs-15-rounds-defin-combat-1/
why-does-amanda-nunes-double-champ-vs-shevchenko-combat-1,Why does Amanda Nunes double champ vs Shevchenko?,combat,415,https://nextclip.example/sports/other/explainers/why-does-amanda-nunes-double-champ-vs-shevchenko-combat-1/
why-does-anderson-silva-16-win-streak-define-mw-combat-1,Why does Anderson Silva 16-win streak define MW?,combat,415,https://nextclip.example/sports/other/explainers/why-does-anderson-silva-16-win-streak-define-mw-combat-1/
why-does-apex-hold-1000-vs-arena-20000-matter-50k--combat-1,Why does Apex hold 1000 vs arena 20000 matter $50k bonus?,combat,448,https://nextclip.example/sports/other/explainers/why-does-apex-hold-1000-vs-arena-20000-matter-50k--combat-1/
why-does-bare-knuckle-boxing-use-2-minute-rounds-combat,Why does bare-knuckle boxing use 2-minute rounds?,combat,390,https://nextclip.example/sports/other/explainers/why-does-bare-knuckle-boxing-use-2-minute-rounds-combat/
why-does-bellator-vs-pfl-merge-2024-matter-combat-1,Why does Bellator vs PFL merge 2024 matter?,combat,415,https://nextclip.example/sports/other/explainers/why-does-bellator-vs-pfl-merge-2024-matter-combat-1/
why-does-boxing-have-17-weights-105-200-combat-1,Why does boxing have 17 weights 105-200+?,combat,404,https://nextclip.example/sports/other/explainers/why-does-boxing-have-17-weights-105-200-combat-1/
why-does-boxing-have-standing-8-count-combat,Why does boxing have standing 8 count?,combat,390,https://nextclip.example/sports/other/explainers/why-does-boxing-have-standing-8-count-combat/
why-does-boxing-score-10-9-vs-mma-same-but-differe-combat,Why does boxing score 10-9 vs MMA same but different?,combat,423,https://nextclip.example/sports/other/explainers/why-does-boxing-score-10-9-vs-mma-same-but-differe-combat/
why-does-boxing-still-use-8-oz-gloves-147-vs-10-oz-combat-1,Why does boxing still use 8-oz gloves 147 vs 10-oz 154+?,combat,448,https://nextclip.example/sports/other/explainers/why-does-boxing-still-use-8-oz-gloves-147-vs-10-oz-combat-1/
why-does-cut-man-work-60-sec-with-enswell-at-0-8-v-combat-1,Why does cut man work 60 sec with enswell at 0.8 vs 2.6mm swelling?,combat,481,https://nextclip.example/sports/other/explainers/why-does-cut-man-work-60-sec-with-enswell-at-0-8-v-combat-1/
why-does-defense-win-0-5-accuracy-margins-115-113-combat-1,Why does defense win 0.5% accuracy margins 115-113?,combat,415,https://nextclip.example/sports/other/explainers/why-does-defense-win-0-5-accuracy-margins-115-113-combat-1/
why-does-footwork-decide-70-of-boxing-combat-1,Why does footwork decide 70% of boxing?,combat,404,https://nextclip.example/sports/other/explainers/why-does-footwork-decide-70-of-boxing-combat-1/
why-does-glory-kickboxing-use-170cm-ring-vs-750-sq-combat-1,Why does Glory kickboxing use 170cm ring vs 750 sq-ft Octagon?,combat,448,https://nextclip.example/sports/other/explainers/why-does-glory-kickboxing-use-170cm-ring-vs-750-sq-combat-1/
why-does-glory-use-3x3-k-1-vs-5x3-muay-thai-combat-1,Why does Glory use 3x3 K-1 vs 5x3 Muay Thai?,combat,437,https://nextclip.example/sports/other/explainers/why-does-glory-use-3x3-k-1-vs-5x3-muay-thai-combat-1/
why-does-ground-game-decide-33-takedowns-1-2-per-1-combat-1,Why does ground game decide 33% takedowns 1.2 per 15?,combat,437,https://nextclip.example/sports/other/explainers/why-does-ground-game-decide-33-takedowns-1-2-per-1-combat-1/
why-does-jon-jones-reach-15-defences-vs-gsp-9-combat-1,Why does Jon Jones reach 15 defences vs GSP 9?,combat,437,https://nextclip.example/sports/other/explainers/why-does-jon-jones-reach-15-defences-vs-gsp-9-combat-1/
why-does-judging-split-29-28-vs-30-27-matter-0-01-combat-1,Why does judging split 29-28 vs 30-27 matter 0.01?,combat,426,https://nextclip.example/sports/other/explainers/why-does-judging-split-29-28-vs-30-27-matter-0-01-combat-1/
why-does-kickboxing-ban-clinch-over-3-seconds-combat,Why does kickboxing ban clinch over 3 seconds?,combat,401,https://nextclip.example/sports/other/explainers/why-does-kickboxing-ban-clinch-over-3-seconds-combat/
why-does-knockout-need-10-sec-count-vs-tko-3-knock-combat-1,Why does knockout need 10 sec count vs TKO 3 knockdown?,combat,448,https://nextclip.example/sports/other/explainers/why-does-knockout-need-10-sec-count-vs-tko-3-knock-combat-1/
why-does-mcgregor-vs-khabib-2-4m-buys-define-ppv-combat-1,Why does McGregor vs Khabib 2.4M buys define PPV?,combat,426,https://nextclip.example/sports/other/explainers/why-does-mcgregor-vs-khabib-2-4m-buys-define-ppv-combat-1/
why-does-mma-allow-elbows-not-in-boxing-combat,Why does MMA allow elbows not in boxing?,combat,401,https://nextclip.example/sports/other/explainers/why-does-mma-allow-elbows-not-in-boxing-combat/
why-does-mma-scoring-use-10-9-vs-boxing-10-point-m-combat-1,Why does MMA scoring use 10-9 vs boxing 10-point must 30-27?,combat,448,https://nextclip.example/sports/other/explainers/why-does-mma-scoring-use-10-9-vs-boxing-10-point-m-combat-1/
why-does-muay-thai-allow-elbows-5x3-vs-kickboxing--combat-1,Why does Muay Thai allow elbows 5x3 vs kickboxing 3x3?,combat,437,https://nextclip.example/sports/other/explainers/why-does-muay-thai-allow-elbows-5x3-vs-kickboxing--combat-1/
why-does-olympic-boxing-use-3x3-vs-pro-12x3-combat-1,Why does Olympic boxing use 3x3 vs pro 12x3?,combat,426,https://nextclip.example/sports/other/explainers/why-does-olympic-boxing-use-3x3-vs-pro-12x3-combat-1/
why-does-one-championship-have-hydration-tests-combat,Why does ONE Championship have hydration tests?,combat,390,https://nextclip.example/sports/other/explainers/why-does-one-championship-have-hydration-tests-combat/
why-does-one-championship-use-mma-muay-thai-kickbo-combat-1,Why does ONE Championship use MMA + Muay Thai + kickboxing?,combat,448,https://nextclip.example/sports/other/explainers/why-does-one-championship-use-mma-muay-thai-kickbo-combat-1/
why-does-one-weigh-265-limit-vs-ufc-265-same-but-h-combat-1,Why does ONE weigh 265 limit vs UFC 265 same but hydration?,combat,459,https://nextclip.example/sports/other/explainers/why-does-one-weigh-265-limit-vs-ufc-265-same-but-h-combat-1/
why-does-pfl-give-1m-per-winner-vs-ufc-50k-combat,Why does PFL give $1m per winner vs UFC $50k?,combat,423,https://nextclip.example/sports/other/explainers/why-does-pfl-give-1m-per-winner-vs-ufc-50k-combat/
why-does-pound-for-pound-go-jones-15-defences-vs-n-combat-1,Why does pound-for-pound go Jones 15 defences vs Nunes double?,combat,437,https://nextclip.example/sports/other/explainers/why-does-pound-for-pound-go-jones-15-defences-vs-n-combat-1/
why-does-promotion-divide-purse-50-70-to-fighter-v-combat-1,Why does promotion divide purse 50-70% to fighter vs 30 to promoter?,combat,459,https://nextclip.example/sports/other/explainers/why-does-promotion-divide-purse-50-70-to-fighter-v-combat-1/
why-does-striking-need-6-inch-jab-vs-0-5m-hook-combat-1,Why does striking need 6-inch jab vs 0.5m hook?,combat,426,https://nextclip.example/sports/other/explainers/why-does-striking-need-6-inch-jab-vs-0-5m-hook-combat-1/
why-does-takedown-defence-70-vs-offence-33-matter-combat-1,Why does takedown defence 70% vs offence 33% matter?,combat,426,https://nextclip.example/sports/other/explainers/why-does-takedown-defence-70-vs-offence-33-matter-combat-1/
why-does-ufc-have-8-weight-classes-125-265-combat-1,Why does UFC have 8 weight classes 125-265?,combat,415,https://nextclip.example/sports/other/explainers/why-does-ufc-have-8-weight-classes-125-265-combat-1/
why-does-womens-mma-headline-6-of-12-ppvs-combat-1,Why does women's MMA headline 6 of 12 PPVs?,combat,426,https://nextclip.example/sports/other/explainers/why-does-womens-mma-headline-6-of-12-ppvs-combat-1/
womens-boxing-combat,What is Women's boxing?,combat,324,https://nextclip.example/sports/other/explainers/womens-boxing-combat/
womens-mma-combat,What is Women's MMA?,combat,324,https://nextclip.example/sports/other/explainers/womens-mma-combat/
all-rounder-cricket,What is All-rounder?,cricket,323,https://nextclip.example/sports/other/explainers/all-rounder-cricket/
ashes-history-cricket,What is Ashes history?,cricket,334,https://nextclip.example/sports/other/explainers/ashes-history-cricket/
batting-average-cricket,What is Batting average?,cricket,334,https://nextclip.example/sports/other/explainers/batting-average-cricket/
batting-technique-cricket,What is Batting technique?,cricket,334,https://nextclip.example/sports/other/explainers/batting-technique-cricket/
bbl-cricket,What is BBL?,cricket,323,https://nextclip.example/sports/other/explainers/bbl-cricket/
bowling-action-cricket,What is Bowling action?,cricket,334,https://nextclip.example/sports/other/explainers/bowling-action-cricket/
bowling-average-cricket,What is Bowling average?,cricket,334,https://nextclip.example/sports/other/explainers/bowling-average-cricket/
bowling-types-cricket,What is Bowling types?,cricket,334,https://nextclip.example/sports/other/explainers/bowling-types-cricket/
bradman-cricket,What is Bradman?,cricket,323,https://nextclip.example/sports/other/explainers/bradman-cricket/
captaincy-cricket,What is Captaincy?,cricket,323,https://nextclip.example/sports/other/explainers/captaincy-cricket/
commentary-cricket,What is Commentary?,cricket,323,https://nextclip.example/sports/other/explainers/commentary-cricket/
cpl-cricket,What is CPL?,cricket,323,https://nextclip.example/sports/other/explainers/cpl-cricket/
csk-franchise-cricket,What is CSK franchise?,cricket,334,https://nextclip.example/sports/other/explainers/csk-franchise-cricket/
declaration-cricket,What is Declaration?,cricket,323,https://nextclip.example/sports/other/explainers/declaration-cricket/
drs-system-cricket,What is DRS system?,cricket,334,https://nextclip.example/sports/other/explainers/drs-system-cricket/
england-team-cricket,What is England team?,cricket,334,https://nextclip.example/sports/other/explainers/england-team-cricket/
fielding-positions-cricket,What is Fielding positions?,cricket,334,https://nextclip.example/sports/other/explainers/fielding-positions-cricket/
follow-on-cricket,What is Follow-on?,cricket,323,https://nextclip.example/sports/other/explainers/follow-on-cricket/
helmet-protection-cricket,What is Helmet protection?,cricket,334,https://nextclip.example/sports/other/explainers/helmet-protection-cricket/
how-does-cricket-ipl-auction-work,How does the IPL auction work?,cricket,466,https://nextclip.example/sports/other/explainers/how-does-cricket-ipl-auction-work/
how-does-cricket-lbW-work,How does LBW work in cricket?,cricket,550,https://nextclip.example/sports/other/explainers/how-does-cricket-lbW-work/
how-does-cricket-ranking-work,How does cricket ranking work?,cricket,379,https://nextclip.example/sports/other/explainers/how-does-cricket-ranking-work/
how-does-cricket-work-basics,How does cricket actually work?,cricket,467,https://nextclip.example/sports/other/explainers/how-does-cricket-work-basics/
how-does-the-ipl-work,How does the IPL actually work?,cricket,464,https://nextclip.example/sports/other/explainers/how-does-the-ipl-work/
if-a-catch-is-claimed-with-ball-still-wobbling-in-hands-at-b-cric,If a catch is claimed with ball still wobbling in hands at boundary?,cricket,545,https://nextclip.example/sports/other/explainers/if-a-catch-is-claimed-with-ball-still-wobbling-in-hands-at-b-cric/
if-a-catch-is-taken-with-ball-still-brushing-the-rope-cricket,If a catch is taken with ball still brushing the rope?,cricket,525,https://nextclip.example/sports/other/explainers/if-a-catch-is-taken-with-ball-still-brushing-the-rope-cricket/
if-a-catch-is-taken-with-ball-still-spinning-after-hitting-t-cric,If a catch is taken with ball still spinning after hitting two fielders?,cricket,545,https://nextclip.example/sports/other/explainers/if-a-catch-is-taken-with-ball-still-spinning-after-hitting-t-cric/
if-a-no-ball-is-called-after-the-ball-is-already-hit-for-six-cric,If a no-ball is called after the ball is already hit for six?,cricket,545,https://nextclip.example/sports/other/explainers/if-a-no-ball-is-called-after-the-ball-is-already-hit-for-six-cric/
if-a-run-is-still-being-completed-when-boundary-is-scored-wh-cric,"If a run is still being completed when boundary is scored, which counts?",cricket,545,https://nextclip.example/sports/other/explainers/if-a-run-is-still-being-completed-when-boundary-is-scored-wh-cric/
if-a-six-is-still-climbing-when-the-batter-is-given-out-lbw-crick,If a six is still climbing when the batter is given out LBW?,cricket,545,https://nextclip.example/sports/other/explainers/if-a-six-is-still-climbing-when-the-batter-is-given-out-lbw-crick/
if-the-bails-are-already-off-when-ball-hits-stumps-is-it-out-cric,"If the bails are already off when ball hits stumps, is it out?",cricket,545,https://nextclip.example/sports/other/explainers/if-the-bails-are-already-off-when-ball-hits-stumps-is-it-out-cric/
if-the-bails-light-up-0-1-after-ball-passes-is-it-run-out-cricket,"If the bails light up 0.1 after ball passes, is it run out?",cricket,545,https://nextclip.example/sports/other/explainers/if-the-bails-light-up-0-1-after-ball-passes-is-it-run-out-cricket/
if-the-ball-hits-the-bat-and-then-the-pad-and-is-caught-is-i-cric,"If the ball hits the bat and then the pad and is caught, is it out?",cricket,575,https://nextclip.example/sports/other/explainers/if-the-ball-hits-the-bat-and-then-the-pad-and-is-caught-is-i-cric/
if-the-ball-hits-the-batters-helmet-and-lands-in-stumps-cricket,If the ball hits the batter's helmet and lands in stumps?,cricket,525,https://nextclip.example/sports/other/explainers/if-the-ball-hits-the-batters-helmet-and-lands-in-stumps-cricket/
if-the-ball-hits-the-boundary-cushion-and-rebounds-into-fiel-cric,If the ball hits the boundary cushion and rebounds into fielder's hands?,cricket,535,https://nextclip.example/sports/other/explainers/if-the-ball-hits-the-boundary-cushion-and-rebounds-into-fiel-cric/
if-the-ball-hits-the-helmet-grille-and-is-caught-cricket,If the ball hits the helmet grille and is caught?,cricket,515,https://nextclip.example/sports/other/explainers/if-the-ball-hits-the-helmet-grille-and-is-caught-cricket/
if-the-ball-hits-the-non-strikers-bat-and-then-hits-stumps-i-cric,"If the ball hits the non-striker's bat and then hits stumps, is it out?",cricket,555,https://nextclip.example/sports/other/explainers/if-the-ball-hits-the-non-strikers-bat-and-then-hits-stumps-i-cric/
if-the-ball-hits-the-pitch-and-then-the-stumps-without-dislo-cric,If the ball hits the pitch and then the stumps without dislodging bails after time?,cricket,565,https://nextclip.example/sports/other/explainers/if-the-ball-hits-the-pitch-and-then-the-stumps-without-dislo-cric/
if-the-ball-hits-the-sight-screen-on-the-full-and-is-caught--cric,If the ball hits the sight screen on the full and is caught over boundary?,cricket,565,https://nextclip.example/sports/other/explainers/if-the-ball-hits-the-sight-screen-on-the-full-and-is-caught--cric/
if-the-ball-hits-the-spidercam-and-is-caught-cricket,If the ball hits the spidercam and is caught?,cricket,505,https://nextclip.example/sports/other/explainers/if-the-ball-hits-the-spidercam-and-is-caught-cricket/
if-the-ball-hits-the-stumps-without-dislodging-bails-is-it-b-cric,"If the ball hits the stumps without dislodging bails, is it bowled?",cricket,535,https://nextclip.example/sports/other/explainers/if-the-ball-hits-the-stumps-without-dislodging-bails-is-it-b-cric/
if-the-ball-hits-the-umpire-and-then-hits-stumps-cricket,If the ball hits the umpire and then hits stumps?,cricket,515,https://nextclip.example/sports/other/explainers/if-the-ball-hits-the-umpire-and-then-hits-stumps-cricket/
if-the-ball-is-caught-off-a-free-hit-with-bails-off-is-it-ou-cric,"If the ball is caught off a free hit with bails off, is it out stumped?",cricket,575,https://nextclip.example/sports/other/explainers/if-the-ball-is-caught-off-a-free-hit-with-bails-off-is-it-ou-cric/
if-the-ball-is-caught-one-handed-while-fielder-is-airborne-o-cric,If the ball is caught one-handed while fielder is airborne over rope?,cricket,535,https://nextclip.example/sports/other/explainers/if-the-ball-is-caught-one-handed-while-fielder-is-airborne-o-cric/
if-the-ball-is-caught-with-fielder-touching-rope-2-6mm-over--cric,"If the ball is caught with fielder touching rope 2.6mm over, is it six?",cricket,555,https://nextclip.example/sports/other/explainers/if-the-ball-is-caught-with-fielder-touching-rope-2-6mm-over--cric/
if-the-ball-is-caught-with-fingers-0-5mm-off-ground-is-it-bu-cric,"If the ball is caught with fingers 0.5mm off ground, is it bump ball?",cricket,555,https://nextclip.example/sports/other/explainers/if-the-ball-is-caught-with-fingers-0-5mm-off-ground-is-it-bu-cric/
if-the-ball-is-hit-twice-deliberately-to-save-wicket-cricket,If the ball is hit twice deliberately to save wicket?,cricket,515,https://nextclip.example/sports/other/explainers/if-the-ball-is-hit-twice-deliberately-to-save-wicket-cricket/
if-the-ball-is-lost-in-the-lights-and-lands-safe-is-it-dead-crick,"If the ball is lost in the lights and lands safe, is it dead?",cricket,555,https://nextclip.example/sports/other/explainers/if-the-ball-is-lost-in-the-lights-and-lands-safe-is-it-dead-crick/
if-the-ball-is-still-in-air-and-the-batter-handles-it-to-pro-cric,If the ball is still in air and the batter handles it to protect stumps?,cricket,565,https://nextclip.example/sports/other/explainers/if-the-ball-is-still-in-air-and-the-batter-handles-it-to-pro-cric/
if-the-ball-is-still-in-air-and-the-fielder-collides-with-si-cric,If the ball is still in air and the fielder collides with sight screen?,cricket,555,https://nextclip.example/sports/other/explainers/if-the-ball-is-still-in-air-and-the-fielder-collides-with-si-cric/
if-the-ball-is-still-in-air-when-floodlights-fail-mid-flight-cric,If the ball is still in air when floodlights fail mid-flight?,cricket,525,https://nextclip.example/sports/other/explainers/if-the-ball-is-still-in-air-when-floodlights-fail-mid-flight-cric/
if-the-ball-is-still-in-air-when-the-over-is-called-does-nex-cric,"If the ball is still in air when the over is called, does next ball start new over?",cricket,595,https://nextclip.example/sports/other/explainers/if-the-ball-is-still-in-air-when-the-over-is-called-does-nex-cric/
if-the-ball-is-still-in-air-when-umpire-calls-time-cricket,If the ball is still in air when umpire calls time?,cricket,525,https://nextclip.example/sports/other/explainers/if-the-ball-is-still-in-air-when-umpire-calls-time-cricket/
if-the-ball-is-still-in-the-air-when-stumps-are-broken-for-a-cric,"If the ball is still in the air when stumps are broken for a run out, is it out or six?",cricket,625,https://nextclip.example/sports/other/explainers/if-the-ball-is-still-in-the-air-when-stumps-are-broken-for-a-cric/
if-the-ball-is-still-in-the-air-with-0-1-seconds-left-on-the-cric,"If the ball is still in the air with 0.1 seconds left on the clock and hits the stumps, is it run out or does time save it?",cricket,695,https://nextclip.example/sports/other/explainers/if-the-ball-is-still-in-the-air-with-0-1-seconds-left-on-the-cric/
if-the-ball-is-still-moving-after-hitting-the-bat-twice-off--cric,If the ball is still moving after hitting the bat twice off edge?,cricket,545,https://nextclip.example/sports/other/explainers/if-the-ball-is-still-moving-after-hitting-the-bat-twice-off--cric/
if-the-ball-is-still-moving-after-hitting-the-keepers-gloves-cric,If the ball is still moving after hitting the keeper's gloves then helmet?,cricket,545,https://nextclip.example/sports/other/explainers/if-the-ball-is-still-moving-after-hitting-the-keepers-gloves-cric/
if-the-ball-is-still-moving-after-hitting-the-pad-before-lbw-cric,If the ball is still moving after hitting the pad before LBW review?,cricket,545,https://nextclip.example/sports/other/explainers/if-the-ball-is-still-moving-after-hitting-the-pad-before-lbw-cric/
if-the-ball-is-still-moving-after-hitting-the-rope-on-fly-vs-cric,If the ball is still moving after hitting the rope on fly vs bounce for four vs six?,cricket,595,https://nextclip.example/sports/other/explainers/if-the-ball-is-still-moving-after-hitting-the-rope-on-fly-vs-cric/
if-the-ball-is-still-moving-and-rain-starts-does-dls-freeze--cric,"If the ball is still moving and rain starts, does DLS freeze it?",cricket,545,https://nextclip.example/sports/other/explainers/if-the-ball-is-still-moving-and-rain-starts-does-dls-freeze--cric/
if-the-ball-is-still-rolling-after-a-dead-ball-call-can-runs-cric,"If the ball is still rolling after a dead ball call, can runs be taken?",cricket,565,https://nextclip.example/sports/other/explainers/if-the-ball-is-still-rolling-after-a-dead-ball-call-can-runs-cric/
if-the-ball-is-still-rolling-to-boundary-when-time-expires-i-cric,If the ball is still rolling to boundary when time expires in Test?,cricket,545,https://nextclip.example/sports/other/explainers/if-the-ball-is-still-rolling-to-boundary-when-time-expires-i-cric/
if-the-ball-lodges-in-the-helmet-after-bouncer-cricket,If the ball lodges in the helmet after bouncer?,cricket,505,https://nextclip.example/sports/other/explainers/if-the-ball-lodges-in-the-helmet-after-bouncer-cricket/
if-the-boundary-rope-is-2-6mm-moved-by-wind-as-ball-lands-on-cric,If the boundary rope is 2.6mm moved by wind as ball lands on it?,cricket,555,https://nextclip.example/sports/other/explainers/if-the-boundary-rope-is-2-6mm-moved-by-wind-as-ball-lands-on-cric/
if-the-bowlers-foot-is-1mm-over-line-at-release-but-no-ball--cric,If the bowler's foot is 1mm over line at release but no-ball not called and wicket falls?,cricket,585,https://nextclip.example/sports/other/explainers/if-the-bowlers-foot-is-1mm-over-line-at-release-but-no-ball--cric/
if-the-light-meter-says-bad-light-while-ball-is-mid-flight-f-cric,If the light meter says bad light while ball is mid-flight for six?,cricket,545,https://nextclip.example/sports/other/explainers/if-the-light-meter-says-bad-light-while-ball-is-mid-flight-f-cric/
if-the-non-striker-is-still-running-when-ball-is-dead-for-ov-cric,If the non-striker is still running when ball is dead for overthrow?,cricket,535,https://nextclip.example/sports/other/explainers/if-the-non-striker-is-still-running-when-ball-is-dead-for-ov-cric/
if-the-super-over-ball-is-still-in-air-when-time-expires-cricket,If the super over ball is still in air when time expires?,cricket,535,https://nextclip.example/sports/other/explainers/if-the-super-over-ball-is-still-in-air-when-time-expires-cricket/
india-team-cricket,What is India team?,cricket,334,https://nextclip.example/sports/other/explainers/india-team-cricket/
ipl-records-cricket,What is IPL records?,cricket,334,https://nextclip.example/sports/other/explainers/ipl-records-cricket/
ipl-vs-psl-cricket,What is IPL vs PSL?,cricket,345,https://nextclip.example/sports/other/explainers/ipl-vs-psl-cricket/
nightwatchman-cricket,What is Nightwatchman?,cricket,323,https://nextclip.example/sports/other/explainers/nightwatchman-cricket/
odi-ranking-cricket,What is ODI ranking?,cricket,334,https://nextclip.example/sports/other/explainers/odi-ranking-cricket/
pakistan-team-cricket,What is Pakistan team?,cricket,334,https://nextclip.example/sports/other/explainers/pakistan-team-cricket/
power-hitting-cricket,What is Power hitting?,cricket,334,https://nextclip.example/sports/other/explainers/power-hitting-cricket/
psl-cricket,What is PSL?,cricket,323,https://nextclip.example/sports/other/explainers/psl-cricket/
sledging-cricket,What is Sledging?,cricket,323,https://nextclip.example/sports/other/explainers/sledging-cricket/
spin-bowling-cricket,What is Spin bowling?,cricket,334,https://nextclip.example/sports/other/explainers/spin-bowling-cricket/
super-over-cricket,What is Super Over?,cricket,334,https://nextclip.example/sports/other/explainers/super-over-cricket/
t20-ranking-cricket,What is T20 ranking?,cricket,334,https://nextclip.example/sports/other/explainers/t20-ranking-cricket/
the-hundred-cricket,What is The Hundred?,cricket,334,https://nextclip.example/sports/other/explainers/the-hundred-cricket/
umpire-system-cricket,What is Umpire system?,cricket,334,https://nextclip.example/sports/other/explainers/umpire-system-cricket/
what-are-the-ashes-and-how-do-they-work,What are the Ashes — and how do they work?,cricket,470,https://nextclip.example/sports/other/explainers/what-are-the-ashes-and-how-do-they-work/
what-are-the-formats-test-odi-t20,"What are Test, ODI and T20 in cricket?",cricket,517,https://nextclip.example/sports/other/explainers/what-are-the-formats-test-odi-t20/
what-is-cricket-fielding-positions,What are cricket fielding positions?,cricket,458,https://nextclip.example/sports/other/explainers/what-is-cricket-fielding-positions/
what-is-cricket-odi-world-cup-format-extra,What is ODI powerplay vs middle overs?,cricket,541,https://nextclip.example/sports/other/explainers/what-is-cricket-odi-world-cup-format-extra/
what-is-duckworth-lewis-in-cricket,What is Duckworth-Lewis in cricket?,cricket,465,https://nextclip.example/sports/other/explainers/what-is-duckworth-lewis-in-cricket/
what-is-powerplay-in-cricket,What is the powerplay in cricket?,cricket,433,https://nextclip.example/sports/other/explainers/what-is-powerplay-in-cricket/
what-is-the-cricket-world-cup,What is the Cricket World Cup?,cricket,463,https://nextclip.example/sports/other/explainers/what-is-the-cricket-world-cup/
what-is-the-t20-world-cup,What is the T20 World Cup?,cricket,492,https://nextclip.example/sports/other/explainers/what-is-the-t20-world-cup/
why-do-all-rounders-balance-teams-like-stokes-cricket-1,Why do all-rounders balance teams like Stokes?,cricket,409,https://nextclip.example/sports/other/explainers/why-do-all-rounders-balance-teams-like-stokes-cricket-1/
why-do-averages-confuse-strike-rate-cricket-1,Why do averages confuse strike rate?,cricket,399,https://nextclip.example/sports/other/explainers/why-do-averages-confuse-strike-rate-cricket-1/
why-do-batters-walk-vs-drs-cricket-1,Why do batters walk vs DRS?,cricket,399,https://nextclip.example/sports/other/explainers/why-do-batters-walk-vs-drs-cricket-1/
why-do-bowling-actions-get-called-at-15-degrees-cricket-1,Why do bowling actions get called at 15 degrees?,cricket,429,https://nextclip.example/sports/other/explainers/why-do-bowling-actions-get-called-at-15-degrees-cricket-1/
why-do-captains-declare-innings-cricket-1,Why do captains declare innings?,cricket,389,https://nextclip.example/sports/other/explainers/why-do-captains-declare-innings-cricket-1/
why-do-captains-get-banned-for-slow-over-rate-twic-cricket-1,Why do captains get banned for slow over rate twice?,cricket,439,https://nextclip.example/sports/other/explainers/why-do-captains-get-banned-for-slow-over-rate-twic-cricket-1/
why-do-commentary-bans-happen-for-fixers-cricket-1,Why do commentary bans happen for fixers?,cricket,409,https://nextclip.example/sports/other/explainers/why-do-commentary-bans-happen-for-fixers-cricket-1/
why-do-commentators-say-bradman-99-94-cricket-1,Why do commentators say Bradman 99.94?,cricket,399,https://nextclip.example/sports/other/explainers/why-do-commentators-say-bradman-99-94-cricket-1/
why-do-cricket-olympics-return-2028-after-1900-cricket-1,Why do cricket olympics return 2028 after 1900?,cricket,419,https://nextclip.example/sports/other/explainers/why-do-cricket-olympics-return-2028-after-1900-cricket-1/
why-do-cricket-teams-forfeit-for-ineligible-player-cricket-1,Why do cricket teams forfeit for ineligible players?,cricket,419,https://nextclip.example/sports/other/explainers/why-do-cricket-teams-forfeit-for-ineligible-player-cricket-1/
why-do-cricketers-wear-white-and-red-ball,Why do cricketers wear white and use a red ball in Tests?,cricket,517,https://nextclip.example/sports/other/explainers/why-do-cricketers-wear-white-and-red-ball/
why-do-cricketers-wear-white-in-tests-vs-colors-in-cricket-1,Why do cricketers wear white in Tests vs colors in ODIs?,cricket,449,https://nextclip.example/sports/other/explainers/why-do-cricketers-wear-white-in-tests-vs-colors-in-cricket-1/
why-do-csk-and-mi-have-5-ipl-titles-each-cricket-1,Why do CSK and MI have 5 IPL titles each?,cricket,439,https://nextclip.example/sports/other/explainers/why-do-csk-and-mi-have-5-ipl-titles-each-cricket-1/
why-do-fielders-wear-helmets-at-silly-point-cricket-1,Why do fielders wear helmets at silly point?,cricket,419,https://nextclip.example/sports/other/explainers/why-do-fielders-wear-helmets-at-silly-point-cricket-1/
why-do-helmets-have-stem-guards-since-2015-cricket-1,Why do helmets have stem guards since 2015?,cricket,419,https://nextclip.example/sports/other/explainers/why-do-helmets-have-stem-guards-since-2015-cricket-1/
why-do-ipl-auctions-have-10-squads-with-25-players-cricket-1,Why do IPL auctions have 10 squads with 25 players?,cricket,439,https://nextclip.example/sports/other/explainers/why-do-ipl-auctions-have-10-squads-with-25-players-cricket-1/
why-do-leagues-have-impact-player-like-ipl-2024-cricket-1,Why do leagues have impact player like IPL 2024?,cricket,429,https://nextclip.example/sports/other/explainers/why-do-leagues-have-impact-player-like-ipl-2024-cricket-1/
why-do-nightwatchmen-bat-at-3-cricket-1,Why do nightwatchmen bat at 3?,cricket,399,https://nextclip.example/sports/other/explainers/why-do-nightwatchmen-bat-at-3-cricket-1/
why-do-pink-balls-swing-more-under-lights-cricket-1,Why do pink balls swing more under lights?,cricket,419,https://nextclip.example/sports/other/explainers/why-do-pink-balls-swing-more-under-lights-cricket-1/
why-do-players-get-banned-for-ball-tampering-cricket-1,Why do players get banned for ball tampering?,cricket,419,https://nextclip.example/sports/other/explainers/why-do-players-get-banned-for-ball-tampering-cricket-1/
why-do-players-get-banned-for-sledging-racism-cricket-1,Why do players get banned for sledging racism?,cricket,419,https://nextclip.example/sports/other/explainers/why-do-players-get-banned-for-sledging-racism-cricket-1/
why-do-players-get-banned-in-cricket-corruption-do-cricket-1,"Why do players get banned in cricket (corruption, doping)?",cricket,429,https://nextclip.example/sports/other/explainers/why-do-players-get-banned-in-cricket-corruption-do-cricket-1/
why-do-players-wear-1-or-10-vs-no-numbers-in-tests-cricket-1,Why do players wear 1 or 10 vs no numbers in Tests?,cricket,459,https://nextclip.example/sports/other/explainers/why-do-players-wear-1-or-10-vs-no-numbers-in-tests-cricket-1/
why-do-power-hitting-need-145kph-yorkers-cricket-1,Why do power hitting need 145kph yorkers?,cricket,409,https://nextclip.example/sports/other/explainers/why-do-power-hitting-need-145kph-yorkers-cricket-1/
why-do-powerplays-change-after-2024-rules-cricket-1,Why do powerplays change after 2024 rules?,cricket,409,https://nextclip.example/sports/other/explainers/why-do-powerplays-change-after-2024-rules-cricket-1/
why-do-super-overs-decide-tied-finals-cricket-1,Why do super overs decide tied finals?,cricket,409,https://nextclip.example/sports/other/explainers/why-do-super-overs-decide-tied-finals-cricket-1/
why-do-t20-world-cups-have-20-teams-now-cricket-1,Why do T20 world cups have 20 teams now?,cricket,429,https://nextclip.example/sports/other/explainers/why-do-t20-world-cups-have-20-teams-now-cricket-1/
why-do-teams-get-2-points-per-win-vs-1-tie-cricket-1,Why do teams get 2 points per win vs 1 tie?,cricket,449,https://nextclip.example/sports/other/explainers/why-do-teams-get-2-points-per-win-vs-1-tie-cricket-1/
why-do-teams-get-banned-for-over-rates-cricket-1,Why do teams get banned for over rates?,cricket,419,https://nextclip.example/sports/other/explainers/why-do-teams-get-banned-for-over-rates-cricket-1/
why-do-teams-get-banned-in-cricket-icc-suspension-cricket-1,Why do teams get banned in cricket (ICC suspension)?,cricket,429,https://nextclip.example/sports/other/explainers/why-do-teams-get-banned-in-cricket-icc-suspension-cricket-1/
why-do-umpires-give-lbw-on-hawk-eye-50-cricket-1,Why do umpires give LBW on Hawk-Eye 50%?,cricket,419,https://nextclip.example/sports/other/explainers/why-do-umpires-give-lbw-on-hawk-eye-50-cricket-1/
why-do-underarm-bowls-remain-banned-since-1981-cricket-1,Why do underarm bowls remain banned since 1981?,cricket,419,https://nextclip.example/sports/other/explainers/why-do-underarm-bowls-remain-banned-since-1981-cricket-1/
why-do-white-ball-vs-red-ball-contracts-differ-cricket-1,Why do white-ball vs red-ball contracts differ?,cricket,409,https://nextclip.example/sports/other/explainers/why-do-white-ball-vs-red-ball-contracts-differ-cricket-1/
why-do-white-balls-get-swapped-at-34-overs-cricket-1,Why do white balls get swapped at 34 overs?,cricket,429,https://nextclip.example/sports/other/explainers/why-do-white-balls-get-swapped-at-34-overs-cricket-1/
why-do-wicketkeepers-get-banned-for-dissent-cricket-1,Why do wicketkeepers get banned for dissent?,cricket,409,https://nextclip.example/sports/other/explainers/why-do-wicketkeepers-get-banned-for-dissent-cricket-1/
why-do-wicketkeepers-stand-up-vs-back-cricket-1,Why do wicketkeepers stand up vs back?,cricket,409,https://nextclip.example/sports/other/explainers/why-do-wicketkeepers-stand-up-vs-back-cricket-1/
why-do-women-play-with-same-22-yard-pitch-cricket-1,Why do women play with same 22-yard pitch?,cricket,419,https://nextclip.example/sports/other/explainers/why-do-women-play-with-same-22-yard-pitch-cricket-1/
why-does-dls-decide-rain-affected-cricket-matches-cricket-1,Why does DLS decide rain-affected cricket matches?,cricket,409,https://nextclip.example/sports/other/explainers/why-does-dls-decide-rain-affected-cricket-matches-cricket-1/
why-does-drs-need-umpires-call-cricket-1,Why does DRS need umpire's call?,cricket,399,https://nextclip.example/sports/other/explainers/why-does-drs-need-umpires-call-cricket-1/
why-does-psl-have-34-games-vs-ipl-74-cricket-1,Why does PSL have 34 games vs IPL 74?,cricket,429,https://nextclip.example/sports/other/explainers/why-does-psl-have-34-games-vs-ipl-74-cricket-1/
why-does-reverse-swing-happen-after-40-overs-cricket-1,Why does reverse swing happen after 40 overs?,cricket,419,https://nextclip.example/sports/other/explainers/why-does-reverse-swing-happen-after-40-overs-cricket-1/
why-does-spin-work-on-day-4-pitches-cricket-1,Why does spin work on day 4 pitches?,cricket,419,https://nextclip.example/sports/other/explainers/why-does-spin-work-on-day-4-pitches-cricket-1/
why-does-the-follow-on-require-200-runs-in-tests-cricket-1,Why does the follow-on require 200 runs in Tests?,cricket,429,https://nextclip.example/sports/other/explainers/why-does-the-follow-on-require-200-runs-in-tests-cricket-1/
why-does-the-hundred-have-100-balls-not-120-cricket-1,Why does the Hundred have 100 balls not 120?,cricket,429,https://nextclip.example/sports/other/explainers/why-does-the-hundred-have-100-balls-not-120-cricket-1/
why-does-the-ipl-have-74-games-for-10-teams-cricket-1,Why does the IPL have 74 games for 10 teams?,cricket,439,https://nextclip.example/sports/other/explainers/why-does-the-ipl-have-74-games-for-10-teams-cricket-1/
why-does-the-world-test-championship-have-9-teams-cricket-1,Why does the World Test Championship have 9 teams?,cricket,429,https://nextclip.example/sports/other/explainers/why-does-the-world-test-championship-have-9-teams-cricket-1/
why-does-the-yorker-work-as-death-bowling-in-crick-cricket,Why does the yorker work as death bowling in cricket?,cricket,425,https://nextclip.example/sports/other/explainers/why-does-the-yorker-work-as-death-bowling-in-crick-cricket/
why-does-wtc-use-net-run-rate-0-01-tiebreak-cricket-1,Why does WTC use net run rate 0.01 tiebreak?,cricket,429,https://nextclip.example/sports/other/explainers/why-does-wtc-use-net-run-rate-0-01-tiebreak-cricket-1/
why-is-powerplay-6-30-40-fielders-cricket-1,Why is powerplay 6-30-40 fielders?,cricket,389,https://nextclip.example/sports/other/explainers/why-is-powerplay-6-30-40-fielders-cricket-1/
why-is-the-ashes-not-just-another-series-cricket-1,Why is the Ashes not just another series?,cricket,419,https://nextclip.example/sports/other/explainers/why-is-the-ashes-not-just-another-series-cricket-1/
why-is-the-crease-1-22m-from-stumps-cricket-1,Why is the crease 1.22m from stumps?,cricket,409,https://nextclip.example/sports/other/explainers/why-is-the-crease-1-22m-from-stumps-cricket-1/
wicketkeeper-cricket,What is Wicketkeeper?,cricket,323,https://nextclip.example/sports/other/explainers/wicketkeeper-cricket/
womens-world-cup-cricket,What is Women's World Cup?,cricket,345,https://nextclip.example/sports/other/explainers/womens-world-cup-cricket/
wpl-cricket,What is WPL?,cricket,323,https://nextclip.example/sports/other/explainers/wpl-cricket/
what-is-the-tour-de-france,What is the Tour de France?,cycling,502,https://nextclip.example/sports/other/explainers/what-is-the-tour-de-france/
if-a-corner-kick-is-still-flying-when-time-expires-and-then--foot,"If a corner kick is still flying when time expires and then goes in, does it count?",football,540,https://nextclip.example/sports/other/explainers/if-a-corner-kick-is-still-flying-when-time-expires-and-then--foot/
if-a-drop-ball-is-still-bouncing-when-whistle-goes-is-it-dea-foot,"If a drop ball is still bouncing when whistle goes, is it dead?",football,500,https://nextclip.example/sports/other/explainers/if-a-drop-ball-is-still-bouncing-when-whistle-goes-is-it-dea-foot/
if-a-free-kick-is-taken-quickly-while-opponent-still-9m-away-foot,If a free kick is taken quickly while opponent still 9m away and scores?,football,510,https://nextclip.example/sports/other/explainers/if-a-free-kick-is-taken-quickly-while-opponent-still-9m-away-foot/
if-a-free-kick-is-taken-with-the-ball-still-moving-is-it-val-foot,"If a free kick is taken with the ball still moving, is it valid?",football,510,https://nextclip.example/sports/other/explainers/if-a-free-kick-is-taken-with-the-ball-still-moving-is-it-val-foot/
if-a-goal-is-scored-after-the-ball-was-out-of-play-0-1-sec-e-foot,If a goal is scored after the ball was out of play 0.1 sec earlier?,football,520,https://nextclip.example/sports/other/explainers/if-a-goal-is-scored-after-the-ball-was-out-of-play-0-1-sec-e-foot/
if-a-goal-is-scored-with-an-extra-ball-on-the-field-what-hap-foot,"If a goal is scored with an extra ball on the field, what happens?",football,510,https://nextclip.example/sports/other/explainers/if-a-goal-is-scored-with-an-extra-ball-on-the-field-what-hap-foot/
if-a-goalkeeper-throws-the-ball-directly-into-the-opponents--foot,"If a goalkeeper throws the ball directly into the opponent's goal, does it count?",football,510,https://nextclip.example/sports/other/explainers/if-a-goalkeeper-throws-the-ball-directly-into-the-opponents--foot/
if-a-penalty-hits-both-posts-and-then-goes-in-after-whistle-footb,If a penalty hits both posts and then goes in after whistle?,football,490,https://nextclip.example/sports/other/explainers/if-a-penalty-hits-both-posts-and-then-goes-in-after-whistle-footb/
if-a-penalty-is-taken-after-the-whistle-for-full-time-does-i-foot,"If a penalty is taken after the whistle for full time, does it count?",football,510,https://nextclip.example/sports/other/explainers/if-a-penalty-is-taken-after-the-whistle-for-full-time-does-i-foot/
if-a-player-handles-on-the-line-to-stop-a-goal-in-last-secon-foot,If a player handles on the line to stop a goal in last second?,football,510,https://nextclip.example/sports/other/explainers/if-a-player-handles-on-the-line-to-stop-a-goal-in-last-secon-foot/
if-a-player-is-off-the-pitch-when-scoring-does-it-count-football,"If a player is off the pitch when scoring, does it count?",football,490,https://nextclip.example/sports/other/explainers/if-a-player-is-off-the-pitch-when-scoring-does-it-count-football/
if-a-player-scores-from-an-offside-position-after-deflection-foot,If a player scores from an offside position after deflection off defender's save?,football,500,https://nextclip.example/sports/other/explainers/if-a-player-scores-from-an-offside-position-after-deflection-foot/
if-a-player-scores-while-offside-but-the-flag-was-late-does--foot,"If a player scores while offside but the flag was late, does it count?",football,510,https://nextclip.example/sports/other/explainers/if-a-player-scores-while-offside-but-the-flag-was-late-does--foot/
if-a-player-throws-the-ball-in-motion-in-the-final-minute-an-foot,"If a player throws the ball in motion in the final minute and scores, will it be counted after time ended?",football,580,https://nextclip.example/sports/other/explainers/if-a-player-throws-the-ball-in-motion-in-the-final-minute-an-foot/
if-a-stray-dog-runs-on-as-ball-is-rolling-in-does-it-count-footba,"If a stray dog runs on as ball is rolling in, does it count?",football,510,https://nextclip.example/sports/other/explainers/if-a-stray-dog-runs-on-as-ball-is-rolling-in-does-it-count-footba/
if-a-throw-in-goes-directly-in-without-touching-anyone-why-i-foot,"If a throw-in goes directly in without touching anyone, why is it a goal kick not a goal?",football,550,https://nextclip.example/sports/other/explainers/if-a-throw-in-goes-directly-in-without-touching-anyone-why-i-foot/
if-a-throw-in-is-still-in-the-air-when-the-final-whistle-blo-foot,"If a throw-in is still in the air when the final whistle blows and then goes in, does the goal count?",football,580,https://nextclip.example/sports/other/explainers/if-a-throw-in-is-still-in-the-air-when-the-final-whistle-blo-foot/
if-the-assistants-flag-goes-up-after-the-ball-is-in-the-net--foot,"If the assistant's flag goes up after the ball is in the net, does it count?",football,530,https://nextclip.example/sports/other/explainers/if-the-assistants-flag-goes-up-after-the-ball-is-in-the-net--foot/
if-the-ball-bursts-in-flight-toward-goal-what-happens-football,"If the ball bursts in flight toward goal, what happens?",football,470,https://nextclip.example/sports/other/explainers/if-the-ball-bursts-in-flight-toward-goal-what-happens-football/
if-the-ball-goes-in-after-a-foul-not-yet-whistled-football,If the ball goes in after a foul not yet whistled?,football,480,https://nextclip.example/sports/other/explainers/if-the-ball-goes-in-after-a-foul-not-yet-whistled-football/
if-the-ball-goes-in-after-a-player-threw-his-boot-at-it-football,If the ball goes in after a player threw his boot at it?,football,500,https://nextclip.example/sports/other/explainers/if-the-ball-goes-in-after-a-player-threw-his-boot-at-it-football/
if-the-ball-goes-in-after-bouncing-off-the-corner-flag-football,If the ball goes in after bouncing off the corner flag?,football,480,https://nextclip.example/sports/other/explainers/if-the-ball-goes-in-after-bouncing-off-the-corner-flag-football/
if-the-ball-goes-in-after-hitting-the-crossbar-twice-mid-air-foot,If the ball goes in after hitting the crossbar twice mid-air?,football,480,https://nextclip.example/sports/other/explainers/if-the-ball-goes-in-after-hitting-the-crossbar-twice-mid-air-foot/
if-the-ball-goes-in-after-hitting-the-referees-spray-can-football,If the ball goes in after hitting the referee's spray can?,football,480,https://nextclip.example/sports/other/explainers/if-the-ball-goes-in-after-hitting-the-referees-spray-can-football/
if-the-ball-goes-in-after-the-assistant-signals-but-ref-over-foot,If the ball goes in after the assistant signals but ref overrules?,football,490,https://nextclip.example/sports/other/explainers/if-the-ball-goes-in-after-the-assistant-signals-but-ref-over-foot/
if-the-ball-goes-in-after-the-ball-boy-threw-a-second-ball-t-foot,If the ball goes in after the ball boy threw a second ball to stop it?,football,530,https://nextclip.example/sports/other/explainers/if-the-ball-goes-in-after-the-ball-boy-threw-a-second-ball-t-foot/
if-the-ball-goes-in-after-the-net-was-displaced-by-wind-football,If the ball goes in after the net was displaced by wind?,football,490,https://nextclip.example/sports/other/explainers/if-the-ball-goes-in-after-the-net-was-displaced-by-wind-football/
if-the-ball-goes-in-after-the-whistle-but-before-players-hea-foot,If the ball goes in after the whistle but before players hear it?,football,500,https://nextclip.example/sports/other/explainers/if-the-ball-goes-in-after-the-whistle-but-before-players-hea-foot/
if-the-ball-goes-in-direct-from-kick-off-football,If the ball goes in direct from kick-off?,football,450,https://nextclip.example/sports/other/explainers/if-the-ball-goes-in-direct-from-kick-off-football/
if-the-ball-goes-in-from-a-goal-kick-that-was-still-moving-footba,If the ball goes in from a goal kick that was still moving?,football,500,https://nextclip.example/sports/other/explainers/if-the-ball-goes-in-from-a-goal-kick-that-was-still-moving-footba/
if-the-ball-goes-in-from-a-handball-after-time-football,If the ball goes in from a handball after time?,football,470,https://nextclip.example/sports/other/explainers/if-the-ball-goes-in-from-a-handball-after-time-football/
if-the-ball-goes-in-from-a-throw-in-that-was-a-foul-throw-bu-foot,If the ball goes in from a throw-in that was a foul throw but not called?,football,530,https://nextclip.example/sports/other/explainers/if-the-ball-goes-in-from-a-throw-in-that-was-a-foul-throw-bu-foot/
if-the-ball-goes-in-from-a-throw-in-with-wrong-foot-placemen-foot,If the ball goes in from a throw-in with wrong foot placement?,football,490,https://nextclip.example/sports/other/explainers/if-the-ball-goes-in-from-a-throw-in-with-wrong-foot-placemen-foot/
if-the-ball-goes-in-from-an-indirect-free-kick-without-touch-foot,If the ball goes in from an indirect free kick without touch?,football,490,https://nextclip.example/sports/other/explainers/if-the-ball-goes-in-from-an-indirect-free-kick-without-touch-foot/
if-the-ball-goes-in-when-the-corner-flag-is-missing-football,If the ball goes in when the corner flag is missing?,football,480,https://nextclip.example/sports/other/explainers/if-the-ball-goes-in-when-the-corner-flag-is-missing-football/
if-the-ball-goes-in-while-the-clock-shows-9000-but-ref-hasnt-foot,If the ball goes in while the clock shows 90:00 but ref hasn't blown?,football,510,https://nextclip.example/sports/other/explainers/if-the-ball-goes-in-while-the-clock-shows-9000-but-ref-hasnt-foot/
if-the-ball-goes-in-while-the-medical-team-is-on-the-pitch-footba,If the ball goes in while the medical team is on the pitch?,football,500,https://nextclip.example/sports/other/explainers/if-the-ball-goes-in-while-the-medical-team-is-on-the-pitch-footba/
if-the-ball-hits-the-referee-and-goes-in-after-whistle-does--foot,"If the ball hits the referee and goes in after whistle, does it count?",football,510,https://nextclip.example/sports/other/explainers/if-the-ball-hits-the-referee-and-goes-in-after-whistle-does--foot/
if-the-ball-is-kicked-from-off-the-pitch-and-goes-in-football,If the ball is kicked from off the pitch and goes in?,football,490,https://nextclip.example/sports/other/explainers/if-the-ball-is-kicked-from-off-the-pitch-and-goes-in-football/
if-the-extra-time-board-shows-3-but-ref-blows-at-259-with-ba-foot,If the extra time board shows 3 but ref blows at 2:59 with ball flying?,football,520,https://nextclip.example/sports/other/explainers/if-the-extra-time-board-shows-3-but-ref-blows-at-259-with-ba-foot/
if-the-floodlights-fail-while-ball-is-in-air-toward-goal-football,If the floodlights fail while ball is in air toward goal?,football,480,https://nextclip.example/sports/other/explainers/if-the-floodlights-fail-while-ball-is-in-air-toward-goal-football/
if-the-goal-net-is-torn-and-ball-goes-through-does-it-count-footb,"If the goal net is torn and ball goes through, does it count?",football,500,https://nextclip.example/sports/other/explainers/if-the-goal-net-is-torn-and-ball-goes-through-does-it-count-footb/
if-the-referee-blows-whistle-accidentally-while-shot-is-in-a-foot,If the referee blows whistle accidentally while shot is in air?,football,480,https://nextclip.example/sports/other/explainers/if-the-referee-blows-whistle-accidentally-while-shot-is-in-a-foot/
if-the-stadium-clock-says-9000-but-refs-watch-says-8958-with-foot,If the stadium clock says 90:00 but ref's watch says 89:58 with ball flying?,football,510,https://nextclip.example/sports/other/explainers/if-the-stadium-clock-says-9000-but-refs-watch-says-8958-with-foot/
if-the-taking-team-scores-an-own-goal-from-a-throw-in-football,If the taking team scores an own goal from a throw-in?,football,480,https://nextclip.example/sports/other/explainers/if-the-taking-team-scores-an-own-goal-from-a-throw-in-football/
if-time-expires-during-a-penalty-shootout-kick-still-in-air-footb,If time expires during a penalty shootout kick still in air?,football,480,https://nextclip.example/sports/other/explainers/if-time-expires-during-a-penalty-shootout-kick-still-in-air-footb/
if-two-balls-are-on-the-pitch-and-one-goes-in-does-it-count-footb,"If two balls are on the pitch and one goes in, does it count?",football,510,https://nextclip.example/sports/other/explainers/if-two-balls-are-on-the-pitch-and-one-goes-in-does-it-count-footb/
if-var-reviews-a-goal-after-teams-have-kicked-off-again-football,If VAR reviews a goal after teams have kicked off again?,football,480,https://nextclip.example/sports/other/explainers/if-var-reviews-a-goal-after-teams-have-kicked-off-again-football/
why-do-football-clubs-get-transfer-bans-football-1,Why do football clubs get transfer bans?,football,458,https://nextclip.example/sports/other/explainers/why-do-football-clubs-get-transfer-bans-football-1/
why-do-football-players-get-banned-doping-betting--football-1,"Why do football players get banned (doping, betting, violent conduct, accumulation)?",football,494,https://nextclip.example/sports/other/explainers/why-do-football-players-get-banned-doping-betting--football-1/
why-do-football-teams-get-banned-fifa-suspension-f-football-1,"Why do football teams get banned (FIFA suspension, FFP, match fixing)?",football,494,https://nextclip.example/sports/other/explainers/why-do-football-teams-get-banned-fifa-suspension-f-football-1/
why-does-fifa-ban-federations-for-government-inter-football-1,Why does FIFA ban federations for government interference?,football,467,https://nextclip.example/sports/other/explainers/why-does-fifa-ban-federations-for-government-inter-football-1/
why-are-the-olympics-every-four-years-general-1,Why are the Olympics every four years?,general,431,https://nextclip.example/sports/other/explainers/why-are-the-olympics-every-four-years-general-1/
why-do-host-cities-get-picked-7-years-ahead-general-1,Why do host cities get picked 7 years ahead?,general,453,https://nextclip.example/sports/other/explainers/why-do-host-cities-get-picked-7-years-ahead-general-1/
why-do-the-olympic-rings-have-5-colours-general-1,Why do the Olympic rings have 5 colours?,general,442,https://nextclip.example/sports/other/explainers/why-do-the-olympic-rings-have-5-colours-general-1/
why-does-the-olympic-torch-relay-last-68-days-general-1,Why does the Olympic torch relay last 68 days?,general,453,https://nextclip.example/sports/other/explainers/why-does-the-olympic-torch-relay-last-68-days-general-1/
albatross-golf,What is Albatross?,golf,350,https://nextclip.example/sports/other/explainers/albatross-golf/
amateur-status-golf,What is Amateur status?,golf,330,https://nextclip.example/sports/other/explainers/amateur-status-golf/
augusta-national-history-golf,Why is Augusta National so famous in golf?,golf,343,https://nextclip.example/sports/other/explainers/augusta-national-history-golf/
ball-technology-golf,What is Ball technology?,golf,330,https://nextclip.example/sports/other/explainers/ball-technology-golf/
bunker-play-golf,What is Bunker play?,golf,330,https://nextclip.example/sports/other/explainers/bunker-play-golf/
caddie-role-golf,What is Caddie role?,golf,330,https://nextclip.example/sports/other/explainers/caddie-role-golf/
club-types-golf,What is Club types?,golf,330,https://nextclip.example/sports/other/explainers/club-types-golf/
course-rating-golf,What is Course rating?,golf,330,https://nextclip.example/sports/other/explainers/course-rating-golf/
cut-rule-golf,What is Cut rule?,golf,330,https://nextclip.example/sports/other/explainers/cut-rule-golf/
dp-world-tour-golf,What is DP World Tour?,golf,343,https://nextclip.example/sports/other/explainers/dp-world-tour-golf/
dress-code-golf,What is Dress code?,golf,330,https://nextclip.example/sports/other/explainers/dress-code-golf/
driving-range-golf,What is Driving range?,golf,330,https://nextclip.example/sports/other/explainers/driving-range-golf/
eagle-vs-birdie-golf,What is Eagle vs birdie?,golf,343,https://nextclip.example/sports/other/explainers/eagle-vs-birdie-golf/
etiquette-golf,What is Etiquette?,golf,350,https://nextclip.example/sports/other/explainers/etiquette-golf/
fairway-golf,What is Fairway?,golf,350,https://nextclip.example/sports/other/explainers/fairway-golf/
fedex-playoffs-golf,What is FedEx playoffs?,golf,330,https://nextclip.example/sports/other/explainers/fedex-playoffs-golf/
green-reading-golf,What is Green reading?,golf,330,https://nextclip.example/sports/other/explainers/green-reading-golf/
handicap-extra-golf,What is Handicap extra?,golf,330,https://nextclip.example/sports/other/explainers/handicap-extra-golf/
hole-in-one-golf,What is Hole in one?,golf,343,https://nextclip.example/sports/other/explainers/hole-in-one-golf/
how-does-golf-handicap-work,How does a golf handicap work?,golf,597,https://nextclip.example/sports/other/explainers/how-does-golf-handicap-work/
how-does-golf-match-play-work,How does golf match play work?,golf,468,https://nextclip.example/sports/other/explainers/how-does-golf-match-play-work/
how-does-golf-putting-work,How does putting and the green work in golf?,golf,641,https://nextclip.example/sports/other/explainers/how-does-golf-putting-work/
how-does-golf-ryder-cup-qualifying-work,How does Ryder Cup qualifying work?,golf,372,https://nextclip.example/sports/other/explainers/how-does-golf-ryder-cup-qualifying-work/
how-does-golf-work-the-four-majors,How does golf actually work — and what are the four majors?,golf,483,https://nextclip.example/sports/other/explainers/how-does-golf-work-the-four-majors/
if-a-ball-is-still-bouncing-in-a-bunker-when-play-is-suspend-golf,"If a ball is still bouncing in a bunker when play is suspended, is the lie kept?",golf,644,https://nextclip.example/sports/other/explainers/if-a-ball-is-still-bouncing-in-a-bunker-when-play-is-suspend-golf/
if-a-ball-is-still-in-motion-after-hitting-a-sprinkler-head-golf,If a ball is still in motion after hitting a sprinkler head?,golf,584,https://nextclip.example/sports/other/explainers/if-a-ball-is-still-in-motion-after-hitting-a-sprinkler-head-golf/
if-a-ball-is-still-moving-after-a-caddie-alignment-violation-golf,If a ball is still moving after a caddie alignment violation?,golf,572,https://nextclip.example/sports/other/explainers/if-a-ball-is-still-moving-after-a-caddie-alignment-violation-golf/
if-a-ball-is-still-moving-after-a-caddie-touches-it-golf,If a ball is still moving after a caddie touches it?,golf,572,https://nextclip.example/sports/other/explainers/if-a-ball-is-still-moving-after-a-caddie-touches-it-golf/
if-a-ball-is-still-moving-after-a-cart-path-bounce-golf,If a ball is still moving after a cart path bounce?,golf,572,https://nextclip.example/sports/other/explainers/if-a-ball-is-still-moving-after-a-cart-path-bounce-golf/
if-a-ball-is-still-moving-after-a-wrong-ball-is-played-golf,If a ball is still moving after a wrong ball is played?,golf,584,https://nextclip.example/sports/other/explainers/if-a-ball-is-still-moving-after-a-wrong-ball-is-played-golf/
if-a-ball-is-still-moving-after-being-dropped-from-knee-heig-golf,If a ball is still moving after being dropped from knee height incorrectly?,golf,596,https://nextclip.example/sports/other/explainers/if-a-ball-is-still-moving-after-being-dropped-from-knee-heig-golf/
if-a-ball-is-still-moving-after-hitting-a-rake-in-the-bunker-golf,If a ball is still moving after hitting a rake in the bunker?,golf,596,https://nextclip.example/sports/other/explainers/if-a-ball-is-still-moving-after-hitting-a-rake-in-the-bunker-golf/
if-a-ball-is-still-moving-after-it-was-lifted-and-replaced-i-golf,If a ball is still moving after it was lifted and replaced incorrectly?,golf,596,https://nextclip.example/sports/other/explainers/if-a-ball-is-still-moving-after-it-was-lifted-and-replaced-i-golf/
if-a-ball-is-still-on-the-green-when-the-scorers-table-horn--golf,If a ball is still on the green when the scorer's table horn sounds?,golf,608,https://nextclip.example/sports/other/explainers/if-a-ball-is-still-on-the-green-when-the-scorers-table-horn--golf/
if-a-ball-is-still-on-the-lip-for-10-seconds-after-the-strok-golf,"If a ball is still on the lip for 10 seconds after the stroke, when does 10-sec period start?",golf,668,https://nextclip.example/sports/other/explainers/if-a-ball-is-still-on-the-lip-for-10-seconds-after-the-strok-golf/
if-a-ball-is-still-oscillating-on-the-lip-at-10-seconds-afte-golf,If a ball is still oscillating on the lip at 10 seconds after coming to rest?,golf,632,https://nextclip.example/sports/other/explainers/if-a-ball-is-still-oscillating-on-the-lip-at-10-seconds-afte-golf/
if-a-chip-is-still-in-air-when-the-player-double-hits-it-golf,If a chip is still in air when the player double-hits it?,golf,584,https://nextclip.example/sports/other/explainers/if-a-chip-is-still-in-air-when-the-player-double-hits-it-golf/
if-a-chip-is-still-in-air-when-the-player-grounds-club-behin-golf,If a chip is still in air when the player grounds club behind ball?,golf,608,https://nextclip.example/sports/other/explainers/if-a-chip-is-still-in-air-when-the-player-grounds-club-behin-golf/
if-a-drive-is-still-in-flight-when-the-group-ahead-is-still--golf,"If a drive is still in flight when the group ahead is still on green, is it replayed?",golf,656,https://nextclip.example/sports/other/explainers/if-a-drive-is-still-in-flight-when-the-group-ahead-is-still--golf/
if-a-putt-is-still-circling-the-lip-10-seconds-after-the-hor-golf,"If a putt is still circling the lip 10 seconds after the horn, is it holed?",golf,632,https://nextclip.example/sports/other/explainers/if-a-putt-is-still-circling-the-lip-10-seconds-after-the-hor-golf/
if-a-putt-is-still-moving-after-the-player-steps-on-his-line-golf,If a putt is still moving after the player steps on his line?,golf,596,https://nextclip.example/sports/other/explainers/if-a-putt-is-still-moving-after-the-player-steps-on-his-line-golf/
if-a-putt-is-still-rolling-when-the-player-concedes-in-match-golf,If a putt is still rolling when the player concedes in match play?,golf,596,https://nextclip.example/sports/other/explainers/if-a-putt-is-still-rolling-when-the-player-concedes-in-match-golf/
if-a-putt-is-still-rolling-when-the-player-lifts-the-flagsti-golf,If a putt is still rolling when the player lifts the flagstick and ball hits it?,golf,632,https://nextclip.example/sports/other/explainers/if-a-putt-is-still-rolling-when-the-player-lifts-the-flagsti-golf/
if-a-tee-shot-is-still-in-flight-when-a-spectator-shouts-and-golf,If a tee shot is still in flight when a spectator shouts and deflects it?,golf,620,https://nextclip.example/sports/other/explainers/if-a-tee-shot-is-still-in-flight-when-a-spectator-shouts-and-golf/
if-the-ball-is-still-airborne-when-it-hits-another-ball-on-t-golf,If the ball is still airborne when it hits another ball on the green?,golf,608,https://nextclip.example/sports/other/explainers/if-the-ball-is-still-airborne-when-it-hits-another-ball-on-t-golf/
if-the-ball-is-still-in-air-when-the-player-accidentally-hit-golf,If the ball is still in air when the player accidentally hits two balls?,golf,608,https://nextclip.example/sports/other/explainers/if-the-ball-is-still-in-air-when-the-player-accidentally-hit-golf/
if-the-ball-is-still-in-flight-and-hits-a-drone-is-it-replay-golf,"If the ball is still in flight and hits a drone, is it replayed?",golf,608,https://nextclip.example/sports/other/explainers/if-the-ball-is-still-in-flight-and-hits-a-drone-is-it-replay-golf/
if-the-ball-is-still-in-flight-when-the-player-calls-for-a-p-golf,If the ball is still in flight when the player calls for a provisional after lost ball not found?,golf,668,https://nextclip.example/sports/other/explainers/if-the-ball-is-still-in-flight-when-the-player-calls-for-a-p-golf/
if-the-ball-is-still-in-the-air-after-a-shank-that-hits-a-tr-golf,If the ball is still in the air after a shank that hits a tree?,golf,620,https://nextclip.example/sports/other/explainers/if-the-ball-is-still-in-the-air-after-a-shank-that-hits-a-tr-golf/
if-the-ball-is-still-in-the-air-and-the-wind-moves-it-6-yard-golf,If the ball is still in the air and the wind moves it 6 yards after horn?,golf,644,https://nextclip.example/sports/other/explainers/if-the-ball-is-still-in-the-air-and-the-wind-moves-it-6-yard-golf/
if-the-ball-is-still-in-the-air-from-a-drive-when-the-horn-b-golf,"If the ball is still in the air from a drive when the horn blows, does it count?",golf,656,https://nextclip.example/sports/other/explainers/if-the-ball-is-still-in-the-air-from-a-drive-when-the-horn-b-golf/
if-the-ball-is-still-in-the-air-when-the-3-minute-search-tim-golf,If the ball is still in the air when the 3-minute search time expires?,golf,608,https://nextclip.example/sports/other/explainers/if-the-ball-is-still-in-the-air-when-the-3-minute-search-tim-golf/
if-the-ball-is-still-in-the-air-when-the-shot-clock-40-sec-e-golf,If the ball is still in the air when the shot clock (40 sec) expires in match play?,golf,656,https://nextclip.example/sports/other/explainers/if-the-ball-is-still-in-the-air-when-the-shot-clock-40-sec-e-golf/
if-the-ball-is-still-moving-after-a-green-is-under-repair-be-golf,If the ball is still moving after a green is under repair being watered?,golf,608,https://nextclip.example/sports/other/explainers/if-the-ball-is-still-moving-after-a-green-is-under-repair-be-golf/
if-the-ball-is-still-moving-after-a-penalty-drop-that-rolled-golf,If the ball is still moving after a penalty drop that rolled 2 club lengths?,golf,620,https://nextclip.example/sports/other/explainers/if-the-ball-is-still-moving-after-a-penalty-drop-that-rolled-golf/
if-the-ball-is-still-moving-after-a-practice-swing-hits-it-golf,If the ball is still moving after a practice swing hits it?,golf,584,https://nextclip.example/sports/other/explainers/if-the-ball-is-still-moving-after-a-practice-swing-hits-it-golf/
if-the-ball-is-still-moving-after-a-provisional-is-hit-when--golf,If the ball is still moving after a provisional is hit when original is found?,golf,620,https://nextclip.example/sports/other/explainers/if-the-ball-is-still-moving-after-a-provisional-is-hit-when--golf/
if-the-ball-is-still-moving-after-hitting-a-goose-on-the-fai-golf,If the ball is still moving after hitting a goose on the fairway?,golf,596,https://nextclip.example/sports/other/explainers/if-the-ball-is-still-moving-after-hitting-a-goose-on-the-fai-golf/
if-the-ball-is-still-moving-after-it-embeds-in-its-pitch-mar-golf,If the ball is still moving after it embeds in its pitch mark?,golf,596,https://nextclip.example/sports/other/explainers/if-the-ball-is-still-moving-after-it-embeds-in-its-pitch-mar-golf/
if-the-ball-is-still-moving-after-the-player-breaches-14-clu-golf,If the ball is still moving after the player breaches 14-club limit mid-round?,golf,596,https://nextclip.example/sports/other/explainers/if-the-ball-is-still-moving-after-the-player-breaches-14-clu-golf/
if-the-ball-is-still-moving-after-the-player-grounds-club-in-golf,If the ball is still moving after the player grounds club in bunker?,golf,596,https://nextclip.example/sports/other/explainers/if-the-ball-is-still-moving-after-the-player-grounds-club-in-golf/
if-the-ball-is-still-moving-in-the-water-hazard-after-suspen-golf,"If the ball is still moving in the water hazard after suspension, is it retrieved?",golf,620,https://nextclip.example/sports/other/explainers/if-the-ball-is-still-moving-in-the-water-hazard-after-suspen-golf/
if-the-ball-is-still-on-the-green-when-the-cut-is-decided-do-golf,"If the ball is still on the green when the cut is decided, does it affect cut?",golf,644,https://nextclip.example/sports/other/explainers/if-the-ball-is-still-on-the-green-when-the-cut-is-decided-do-golf/
if-the-ball-is-still-perched-on-the-lip-as-the-committee-sus-golf,"If the ball is still perched on the lip as the committee suspends play, is it marked?",golf,644,https://nextclip.example/sports/other/explainers/if-the-ball-is-still-perched-on-the-lip-as-the-committee-sus-golf/
if-the-ball-is-still-rolling-after-a-provisional-that-was-un-golf,If the ball is still rolling after a provisional that was unnecessary?,golf,584,https://nextclip.example/sports/other/explainers/if-the-ball-is-still-rolling-after-a-provisional-that-was-un-golf/
if-the-ball-is-still-rolling-after-hitting-a-yardage-book-le-golf,If the ball is still rolling after hitting a yardage book left on green?,golf,608,https://nextclip.example/sports/other/explainers/if-the-ball-is-still-rolling-after-hitting-a-yardage-book-le-golf/
if-the-ball-is-still-rolling-after-hitting-the-pin-with-flag-golf,If the ball is still rolling after hitting the pin with flag in?,golf,596,https://nextclip.example/sports/other/explainers/if-the-ball-is-still-rolling-after-hitting-the-pin-with-flag-golf/
if-the-ball-is-still-rolling-on-the-green-when-the-horn-for--golf,"If the ball is still rolling on the green when the horn for suspension blows, is it holed?",golf,656,https://nextclip.example/sports/other/explainers/if-the-ball-is-still-rolling-on-the-green-when-the-horn-for--golf/
iron-play-golf,What is Iron play?,golf,330,https://nextclip.example/sports/other/explainers/iron-play-golf/
liv-team-golf,What is LIV team?,golf,330,https://nextclip.example/sports/other/explainers/liv-team-golf/
major-record-golf,What is Major record?,golf,330,https://nextclip.example/sports/other/explainers/major-record-golf/
masters-augusta-golf,What is Masters Augusta?,golf,330,https://nextclip.example/sports/other/explainers/masters-augusta-golf/
match-play-vs-stroke-golf,What is Match play vs stroke?,golf,356,https://nextclip.example/sports/other/explainers/match-play-vs-stroke-golf/
owgr-ranking-golf,What is OWGR ranking?,golf,330,https://nextclip.example/sports/other/explainers/owgr-ranking-golf/
pga-championship-golf,What is PGA Championship?,golf,330,https://nextclip.example/sports/other/explainers/pga-championship-golf/
players-championship-golf,What is Players Championship?,golf,330,https://nextclip.example/sports/other/explainers/players-championship-golf/
playoff-format-golf,What is Playoff format?,golf,330,https://nextclip.example/sports/other/explainers/playoff-format-golf/
presidents-cup-golf,What is Presidents Cup?,golf,330,https://nextclip.example/sports/other/explainers/presidents-cup-golf/
prize-money-distribution-golf,What is Prize money distribution?,golf,343,https://nextclip.example/sports/other/explainers/prize-money-distribution-golf/
qualifying-golf,What is Qualifying?,golf,350,https://nextclip.example/sports/other/explainers/qualifying-golf/
rough-golf,What is Rough?,golf,350,https://nextclip.example/sports/other/explainers/rough-golf/
ryder-qualifying-golf,What is Ryder qualifying?,golf,330,https://nextclip.example/sports/other/explainers/ryder-qualifying-golf/
scoring-system-golf,What is Scoring system?,golf,330,https://nextclip.example/sports/other/explainers/scoring-system-golf/
senior-tour-golf,What is Senior tour?,golf,330,https://nextclip.example/sports/other/explainers/senior-tour-golf/
slope-rating-golf,What is Slope rating?,golf,330,https://nextclip.example/sports/other/explainers/slope-rating-golf/
tee-golf,What is Tee?,golf,350,https://nextclip.example/sports/other/explainers/tee-golf/
tee-time-golf,What is Tee time?,golf,330,https://nextclip.example/sports/other/explainers/tee-time-golf/
the-open-links-golf,What is The Open links?,golf,343,https://nextclip.example/sports/other/explainers/the-open-links-golf/
us-open-golf-golf,What is US Open golf?,golf,343,https://nextclip.example/sports/other/explainers/us-open-golf-golf/
weather-delay-golf,What is Weather delay?,golf,330,https://nextclip.example/sports/other/explainers/weather-delay-golf/
what-is-fedex-cup-in-golf,What is the FedEx Cup in golf?,golf,875,https://nextclip.example/sports/other/explainers/what-is-fedex-cup-in-golf/
what-is-liv-golf-vs-pga-tour,What is LIV Golf vs PGA Tour?,golf,732,https://nextclip.example/sports/other/explainers/what-is-liv-golf-vs-pga-tour/
what-is-the-players-championship,What is The Players Championship?,golf,357,https://nextclip.example/sports/other/explainers/what-is-the-players-championship/
what-is-the-ryder-cup,What is the Ryder Cup?,golf,528,https://nextclip.example/sports/other/explainers/what-is-the-ryder-cup/
why-are-there-18-holes-in-golf-golf-1,Why are there 18 holes in golf?,golf,415,https://nextclip.example/sports/other/explainers/why-are-there-18-holes-in-golf-golf-1/
why-do-clubs-have-14-max-driver-to-putter-golf-1,Why do clubs have 14 max (driver to putter)?,golf,439,https://nextclip.example/sports/other/explainers/why-do-clubs-have-14-max-driver-to-putter-golf-1/
why-do-dp-world-tour-events-have-144-fields-golf-1,Why do DP World Tour events have 144 fields?,golf,439,https://nextclip.example/sports/other/explainers/why-do-dp-world-tour-events-have-144-fields-golf-1/
why-do-golf-teams-get-banned-or-players-disqualifi-golf-1,Why do golf teams get banned or players disqualified?,golf,439,https://nextclip.example/sports/other/explainers/why-do-golf-teams-get-banned-or-players-disqualifi-golf-1/
why-do-liv-teams-have-4-vs-no-teams-in-pga-golf-1,Why do LIV teams have 4 vs no teams in PGA?,golf,463,https://nextclip.example/sports/other/explainers/why-do-liv-teams-have-4-vs-no-teams-in-pga-golf-1/
why-do-players-get-banned-in-golf-betting-doping-golf-1,"Why do players get banned in golf (betting, doping)?",golf,439,https://nextclip.example/sports/other/explainers/why-do-players-get-banned-in-golf-betting-doping-golf-1/
why-do-players-get-dq-for-wrong-scorecard-1-stroke-golf-1,Why do players get DQ for wrong scorecard 1 stroke?,golf,451,https://nextclip.example/sports/other/explainers/why-do-players-get-dq-for-wrong-scorecard-1-stroke-golf-1/
why-do-playoffs-need-3-holes-vs-sudden-death-golf-1,Why do playoffs need 3 holes vs sudden death?,golf,439,https://nextclip.example/sports/other/explainers/why-do-playoffs-need-3-holes-vs-sudden-death-golf-1/
why-do-tour-cards-need-top-125-vs-70-golf-1,Why do tour cards need top 125 vs 70?,golf,439,https://nextclip.example/sports/other/explainers/why-do-tour-cards-need-top-125-vs-70-golf-1/
why-does-59-happen-so-rarely-13-on-pga-golf-1,Why does 59 happen so rarely (13 on PGA)?,golf,439,https://nextclip.example/sports/other/explainers/why-does-59-happen-so-rarely-13-on-pga-golf-1/
why-does-albatross-2-on-par-5-happen-1-in-6m-golf-1,Why does albatross 2 on par 5 happen 1 in 6M?,golf,463,https://nextclip.example/sports/other/explainers/why-does-albatross-2-on-par-5-happen-1-in-6m-golf-1/
why-does-amateur-status-forbid-prize-over-1000-golf-1,Why does amateur status forbid prize over $1000?,golf,427,https://nextclip.example/sports/other/explainers/why-does-amateur-status-forbid-prize-over-1000-golf-1/
why-does-augusta-national-history-1934-define-13-a-golf-1,Why does Augusta National history 1934 define 13 Azalea 510y?,golf,451,https://nextclip.example/sports/other/explainers/why-does-augusta-national-history-1934-define-13-a-golf-1/
why-does-ball-technology-limit-1-62oz-and-1-68in-golf-1,Why does ball technology limit 1.62oz and 1.68in?,golf,427,https://nextclip.example/sports/other/explainers/why-does-ball-technology-limit-1-62oz-and-1-68in-golf-1/
why-does-bunker-play-use-56-degree-wedge-12-bounce-golf-1,Why does bunker play use 56-degree wedge 12 bounce?,golf,439,https://nextclip.example/sports/other/explainers/why-does-bunker-play-use-56-degree-wedge-12-bounce-golf-1/
why-does-caddie-cost-10-of-purse-golf-1,Why does caddie cost 10% of purse?,golf,415,https://nextclip.example/sports/other/explainers/why-does-caddie-cost-10-of-purse-golf-1/
why-does-course-rating-72-vs-68-define-handicap-golf-1,Why does course rating 72 vs 68 define handicap?,golf,439,https://nextclip.example/sports/other/explainers/why-does-course-rating-72-vs-68-define-handicap-golf-1/
why-does-cut-rule-top-65-and-ties-matter-golf-1,Why does cut rule top 65 and ties matter?,golf,439,https://nextclip.example/sports/other/explainers/why-does-cut-rule-top-65-and-ties-matter-golf-1/
why-does-dress-code-require-collared-shirts-golf-1,Why does dress code require collared shirts?,golf,415,https://nextclip.example/sports/other/explainers/why-does-dress-code-require-collared-shirts-golf-1/
why-does-driving-range-use-70-balls-vs-50-golf-1,Why does driving range use 70 balls vs 50?,golf,439,https://nextclip.example/sports/other/explainers/why-does-driving-range-use-70-balls-vs-50-golf-1/
why-does-eagle-2-on-par-4-vs-birdie-1-matter-4-vs--golf-1,Why does eagle 2 on par 4 vs birdie 1 matter 4 vs 3?,golf,499,https://nextclip.example/sports/other/explainers/why-does-eagle-2-on-par-4-vs-birdie-1-matter-4-vs--golf-1/
why-does-etiquette-say-repair-pitch-marks-2cm-golf-1,Why does etiquette say repair pitch marks 2cm?,golf,427,https://nextclip.example/sports/other/explainers/why-does-etiquette-say-repair-pitch-marks-2cm-golf-1/
why-does-fedex-give-2000-to-tour-championship-vs-5-golf-1,Why does FedEx give 2000 to Tour Championship vs 500 regular?,golf,463,https://nextclip.example/sports/other/explainers/why-does-fedex-give-2000-to-tour-championship-vs-5-golf-1/
why-does-golf-have-a-handicap-54-max-golf,Why does golf have a handicap 54 max?,golf,413,https://nextclip.example/sports/other/explainers/why-does-golf-have-a-handicap-54-max-golf/
why-does-green-reading-use-stimp-12-vs-10-golf-1,Why does green reading use stimp 12 vs 10?,golf,439,https://nextclip.example/sports/other/explainers/why-does-green-reading-use-stimp-12-vs-10-golf-1/
why-does-handicap-8-of-20-give-net-par-golf-1,Why does handicap 8 of 20 give net par?,golf,439,https://nextclip.example/sports/other/explainers/why-does-handicap-8-of-20-give-net-par-golf-1/
why-does-hole-in-one-odds-12500-to-1-golf-1,Why does hole-in-one odds 12500 to 1?,golf,415,https://nextclip.example/sports/other/explainers/why-does-hole-in-one-odds-12500-to-1-golf-1/
why-does-iron-play-need-7-iron-180y-vs-5-iron-200-golf-1,Why does iron play need 7-iron 180y vs 5-iron 200?,golf,451,https://nextclip.example/sports/other/explainers/why-does-iron-play-need-7-iron-180y-vs-5-iron-200-golf-1/
why-does-liv-golf-have-shotgun-starts-golf,Why does LIV Golf have shotgun starts?,golf,401,https://nextclip.example/sports/other/explainers/why-does-liv-golf-have-shotgun-starts-golf/
why-does-liv-have-54-holes-no-cut-vs-72-golf-1,Why does LIV have 54 holes no cut vs 72?,golf,451,https://nextclip.example/sports/other/explainers/why-does-liv-have-54-holes-no-cut-vs-72-golf-1/
why-does-liv-prize-4m-vs-pga-3-6m-comparison-flawe-golf-1,Why does LIV prize $4m vs PGA $3.6m comparison flawed?,golf,451,https://nextclip.example/sports/other/explainers/why-does-liv-prize-4m-vs-pga-3-6m-comparison-flawe-golf-1/
why-does-match-play-give-1-point-per-hole-vs-strok-golf-1,Why does match play give 1 point per hole vs stroke total?,golf,475,https://nextclip.example/sports/other/explainers/why-does-match-play-give-1-point-per-hole-vs-strok-golf-1/
why-does-owgr-give-100-points-to-majors-vs-24-to-r-golf-1,Why does OWGR give 100 points to majors vs 24 to regular?,golf,475,https://nextclip.example/sports/other/explainers/why-does-owgr-give-100-points-to-majors-vs-24-to-r-golf-1/
why-does-pga-championship-have-strongest-field-156-golf-1,Why does PGA Championship have strongest field 156?,golf,427,https://nextclip.example/sports/other/explainers/why-does-pga-championship-have-strongest-field-156-golf-1/
why-does-pga-tour-have-monday-qualifying-4-spots-golf,Why does PGA Tour have Monday qualifying 4 spots?,golf,425,https://nextclip.example/sports/other/explainers/why-does-pga-tour-have-monday-qualifying-4-spots-golf/
why-does-players-championship-call-itself-5th-majo-golf-1,Why does Players Championship call itself 5th major 156?,golf,439,https://nextclip.example/sports/other/explainers/why-does-players-championship-call-itself-5th-majo-golf-1/
why-does-presidents-cup-need-15-5-to-win-30-points-golf-1,Why does Presidents Cup need 15.5 to win 30 points?,golf,451,https://nextclip.example/sports/other/explainers/why-does-presidents-cup-need-15-5-to-win-30-points-golf-1/
why-does-prize-distribution-give-18-to-winner-golf-1,Why does prize distribution give 18% to winner?,golf,427,https://nextclip.example/sports/other/explainers/why-does-prize-distribution-give-18-to-winner-golf-1/
why-does-rough-3-5in-vs-fairway-0-5in-matter-30y-golf-1,Why does rough 3.5in vs fairway 0.5in matter 30y?,golf,439,https://nextclip.example/sports/other/explainers/why-does-rough-3-5in-vs-fairway-0-5in-matter-30y-golf-1/
why-does-ryder-qualifying-need-6-auto-6-captain-golf-1,Why does Ryder qualifying need 6 auto +6 captain?,golf,439,https://nextclip.example/sports/other/explainers/why-does-ryder-qualifying-need-6-auto-6-captain-golf-1/
why-does-senior-tour-start-at-50-not-45-golf-1,Why does senior tour start at 50 not 45?,golf,439,https://nextclip.example/sports/other/explainers/why-does-senior-tour-start-at-50-not-45-golf-1/
why-does-slope-155-vs-55-add-27-shots-golf-1,Why does slope 155 vs 55 add 27 shots?,golf,439,https://nextclip.example/sports/other/explainers/why-does-slope-155-vs-55-add-27-shots-golf-1/
why-does-tee-time-start-at-0700-vs-1300-golf-1,Why does tee time start at 07:00 vs 13:00?,golf,439,https://nextclip.example/sports/other/explainers/why-does-tee-time-start-at-0700-vs-1300-golf-1/
why-does-the-masters-green-jacket-matter-golf,Why does the Masters green jacket matter?,golf,401,https://nextclip.example/sports/other/explainers/why-does-the-masters-green-jacket-matter-golf/
why-does-the-open-have-pot-bunkers-2m-deep-golf,Why does the Open have pot bunkers 2m deep?,golf,425,https://nextclip.example/sports/other/explainers/why-does-the-open-have-pot-bunkers-2m-deep-golf/
why-does-the-open-use-links-vs-parkland-golf-1,Why does The Open use links vs parkland?,golf,427,https://nextclip.example/sports/other/explainers/why-does-the-open-use-links-vs-parkland-golf-1/
why-does-the-us-open-cut-at-60-and-ties-vs-open-70-golf-1,Why does the US Open cut at 60 and ties vs Open 70?,golf,487,https://nextclip.example/sports/other/explainers/why-does-the-us-open-cut-at-60-and-ties-vs-open-70-golf-1/
why-does-weather-delay-use-1-5mm-lightning-rule-golf-1,Why does weather delay use 1.5mm lightning rule?,golf,427,https://nextclip.example/sports/other/explainers/why-does-weather-delay-use-1-5mm-lightning-rule-golf-1/
why-is-masters-at-augusta-so-exclusive-89-invites-golf-1,Why is Masters at Augusta so exclusive 89 invites?,golf,439,https://nextclip.example/sports/other/explainers/why-is-masters-at-augusta-so-exclusive-89-invites-golf-1/
why-is-par-72-not-70-for-many-courses-6000-7800y-golf-1,Why is par 72 not 70 for many courses 6000-7800y?,golf,451,https://nextclip.example/sports/other/explainers/why-is-par-72-not-70-for-many-courses-6000-7800y-golf-1/
2026-calendar-motorsport,What is 2026 calendar?,motorsport,343,https://nextclip.example/sports/other/explainers/2026-calendar-motorsport/
2026-regs-motorsport,What is 2026 regs?,motorsport,343,https://nextclip.example/sports/other/explainers/2026-regs-motorsport/
attack-mode-motorsport,What is Attack Mode?,motorsport,343,https://nextclip.example/sports/other/explainers/attack-mode-motorsport/
budget-vs-performance-motorsport,What is Budget vs performance?,motorsport,321,https://nextclip.example/sports/other/explainers/budget-vs-performance-motorsport/
dakar-rally-motorsport,What is Dakar Rally?,motorsport,343,https://nextclip.example/sports/other/explainers/dakar-rally-motorsport/
data-telemetry-motorsport,What is Data telemetry?,motorsport,343,https://nextclip.example/sports/other/explainers/data-telemetry-motorsport/
drag-racing-motorsport,What is Drag racing?,motorsport,343,https://nextclip.example/sports/other/explainers/drag-racing-motorsport/
drift-motorsport,What is Drift?,motorsport,332,https://nextclip.example/sports/other/explainers/drift-motorsport/
drs-zones-motorsport,What is DRS zones?,motorsport,343,https://nextclip.example/sports/other/explainers/drs-zones-motorsport/
f1-budget-cap-motorsport,What is F1 budget cap?,motorsport,321,https://nextclip.example/sports/other/explainers/f1-budget-cap-motorsport/
f1-engine-motorsport,What is F1 engine?,motorsport,343,https://nextclip.example/sports/other/explainers/f1-engine-motorsport/
f1-history-motorsport,What is F1 history?,motorsport,343,https://nextclip.example/sports/other/explainers/f1-history-motorsport/
f1-vs-indycar-motorsport,What is F1 vs IndyCar?,motorsport,321,https://nextclip.example/sports/other/explainers/f1-vs-indycar-motorsport/
fan-experience-motorsport,What is Fan experience?,motorsport,343,https://nextclip.example/sports/other/explainers/fan-experience-motorsport/
flag-rules-motorsport,What is Flag rules?,motorsport,343,https://nextclip.example/sports/other/explainers/flag-rules-motorsport/
formula-2-3-motorsport,What is Formula 2/3?,motorsport,343,https://nextclip.example/sports/other/explainers/formula-2-3-motorsport/
formula-e-motorsport,What is Formula E?,motorsport,343,https://nextclip.example/sports/other/explainers/formula-e-motorsport/
gt-world-challenge-motorsport,What is GT World Challenge?,motorsport,321,https://nextclip.example/sports/other/explainers/gt-world-challenge-motorsport/
how-do-formula-1-tyres-work,How do Formula 1 tyres work?,motorsport,521,https://nextclip.example/sports/other/explainers/how-do-formula-1-tyres-work/
how-does-f1-pit-stop-work,How does an F1 pit stop work?,motorsport,609,https://nextclip.example/sports/other/explainers/how-does-f1-pit-stop-work/
how-does-f1-qualifying-work,How does F1 qualifying work?,motorsport,843,https://nextclip.example/sports/other/explainers/how-does-f1-qualifying-work/
if-a-car-crosses-the-line-after-time-with-fuel-still-burning-moto,"If a car crosses the line after time with fuel still burning, is it classified?",motorsport,557,https://nextclip.example/sports/other/explainers/if-a-car-crosses-the-line-after-time-with-fuel-still-burning-moto/
if-a-car-crosses-the-line-with-tyre-still-punctured-after-la-moto,"If a car crosses the line with tyre still punctured after last lap, does it count?",motorsport,567,https://nextclip.example/sports/other/explainers/if-a-car-crosses-the-line-with-tyre-still-punctured-after-la-moto/
if-a-car-is-still-accelerating-when-drs-closes-1-sec-after-f-moto,If a car is still accelerating when DRS closes 1 sec after flag?,motorsport,537,https://nextclip.example/sports/other/explainers/if-a-car-is-still-accelerating-when-drs-closes-1-sec-after-f-moto/
if-a-car-is-still-at-1000bhp-hybrid-when-flag-waves-is-ers-s-moto,"If a car is still at 1000bhp hybrid when flag waves, is ERS still counted?",motorsport,557,https://nextclip.example/sports/other/explainers/if-a-car-is-still-at-1000bhp-hybrid-when-flag-waves-is-ers-s-moto/
if-a-car-is-still-at-300-sensors-1khz-after-flag-is-data-sti-moto,"If a car is still at 300 sensors 1kHz after flag, is data still logged?",motorsport,557,https://nextclip.example/sports/other/explainers/if-a-car-is-still-at-300-sensors-1khz-after-flag-is-data-sti-moto/
if-a-car-is-still-at-500hz-sensor-as-it-crosses-line-at-flag-moto,If a car is still at 500Hz sensor as it crosses line at flag?,motorsport,547,https://nextclip.example/sports/other/explainers/if-a-car-is-still-at-500hz-sensor-as-it-crosses-line-at-flag-moto/
if-a-car-is-still-burning-fuel-to-reach-798kg-minimum-after--moto,If a car is still burning fuel to reach 798kg minimum after flag?,motorsport,537,https://nextclip.example/sports/other/explainers/if-a-car-is-still-burning-fuel-to-reach-798kg-minimum-after--moto/
if-a-car-is-still-coasting-with-engine-off-after-flag-is-it--moto,"If a car is still coasting with engine off after flag, is it push to parc ferme legal?",motorsport,587,https://nextclip.example/sports/other/explainers/if-a-car-is-still-coasting-with-engine-off-after-flag-is-it--moto/
if-a-car-is-still-in-first-gear-launch-when-lights-out-is-ab-moto,If a car is still in first gear launch when lights out is aborted?,motorsport,547,https://nextclip.example/sports/other/explainers/if-a-car-is-still-in-first-gear-launch-when-lights-out-is-ab-moto/
if-a-car-is-still-in-parc-ferme-but-still-moving-after-flag--moto,"If a car is still in parc ferme but still moving after flag, is it breach?",motorsport,567,https://nextclip.example/sports/other/explainers/if-a-car-is-still-in-parc-ferme-but-still-moving-after-flag--moto/
if-a-car-is-still-in-the-305km-limit-with-78th-lap-still-to--moto,If a car is still in the 305km limit with 78th lap still to go when time expires (2-hour rule)?,motorsport,607,https://nextclip.example/sports/other/explainers/if-a-car-is-still-in-the-305km-limit-with-78th-lap-still-to--moto/
if-a-car-is-still-in-the-air-after-eau-rouge-jump-when-flag--moto,If a car is still in the air after Eau Rouge jump when flag waves?,motorsport,557,https://nextclip.example/sports/other/explainers/if-a-car-is-still-in-the-air-after-eau-rouge-jump-when-flag--moto/
if-a-car-is-still-in-the-air-over-a-kerb-when-time-expires-motors,If a car is still in the air over a kerb when time expires?,motorsport,547,https://nextclip.example/sports/other/explainers/if-a-car-is-still-in-the-air-over-a-kerb-when-time-expires-motors/
if-a-car-is-still-in-the-drs-zone-after-the-line-when-flag-w-moto,If a car is still in the DRS zone after the line when flag waves?,motorsport,557,https://nextclip.example/sports/other/explainers/if-a-car-is-still-in-the-drs-zone-after-the-line-when-flag-w-moto/
if-a-car-is-still-in-the-garage-at-flag-with-plank-wear-1mm--moto,"If a car is still in the garage at flag with plank wear 1mm, is it DSQ?",motorsport,577,https://nextclip.example/sports/other/explainers/if-a-car-is-still-in-the-garage-at-flag-with-plank-wear-1mm--moto/
if-a-car-is-still-in-the-gravel-but-still-moving-when-flag-w-moto,If a car is still in the gravel but still moving when flag waves?,motorsport,547,https://nextclip.example/sports/other/explainers/if-a-car-is-still-in-the-gravel-but-still-moving-when-flag-w-moto/
if-a-car-is-still-in-the-pit-entry-when-safety-car-is-deploy-moto,"If a car is still in the pit entry when safety car is deployed, does it lose a lap?",motorsport,597,https://nextclip.example/sports/other/explainers/if-a-car-is-still-in-the-pit-entry-when-safety-car-is-deploy-moto/
if-a-car-is-still-in-the-pit-lane-when-the-flag-waves-is-it--moto,"If a car is still in the pit lane when the flag waves, is it classified?",motorsport,567,https://nextclip.example/sports/other/explainers/if-a-car-is-still-in-the-pit-lane-when-the-flag-waves-is-it--moto/
if-a-car-is-still-in-the-pit-limiter-80kph-as-flag-waves-motorspo,If a car is still in the pit limiter 80kph as flag waves?,motorsport,537,https://nextclip.example/sports/other/explainers/if-a-car-is-still-in-the-pit-limiter-80kph-as-flag-waves-motorspo/
if-a-car-is-still-lapped-but-still-racing-leader-when-flag-w-moto,"If a car is still lapped but still racing leader when flag waves, is it blue flag?",motorsport,577,https://nextclip.example/sports/other/explainers/if-a-car-is-still-lapped-but-still-racing-leader-when-flag-w-moto/
if-a-car-is-still-moving-after-taking-the-chequered-flag-doe-moto,"If a car is still moving after taking the chequered flag, does it count as finished?",motorsport,567,https://nextclip.example/sports/other/explainers/if-a-car-is-still-moving-after-taking-the-chequered-flag-doe-moto/
if-a-car-is-still-on-its-fast-lap-when-red-flag-waves-mid-se-moto,"If a car is still on its fast lap when red flag waves mid-sector, is lap deleted?",motorsport,577,https://nextclip.example/sports/other/explainers/if-a-car-is-still-on-its-fast-lap-when-red-flag-waves-mid-se-moto/
if-a-car-is-still-on-its-final-lap-with-2-seconds-left-on-th-moto,"If a car is still on its final lap with 2 seconds left on the 2-hour clock when the flag waves early, which lap counts?",motorsport,657,https://nextclip.example/sports/other/explainers/if-a-car-is-still-on-its-final-lap-with-2-seconds-left-on-th-moto/
if-a-car-is-still-on-its-out-lap-when-q1-time-expires-can-it-moto,"If a car is still on its out-lap when Q1 time expires, can it start a flying lap?",motorsport,587,https://nextclip.example/sports/other/explainers/if-a-car-is-still-on-its-out-lap-when-q1-time-expires-can-it-moto/
if-a-car-is-still-on-jacks-when-race-resumes-is-it-penalty-motors,"If a car is still on jacks when race resumes, is it penalty?",motorsport,537,https://nextclip.example/sports/other/explainers/if-a-car-is-still-on-jacks-when-race-resumes-is-it-penalty-motors/
if-a-car-is-still-on-track-after-taking-flag-twice-motorsport,If a car is still on track after taking flag twice?,motorsport,517,https://nextclip.example/sports/other/explainers/if-a-car-is-still-on-track-after-taking-flag-twice-motorsport/
if-a-car-is-still-on-wet-tyres-with-1-5mm-rain-after-flag-is-moto,"If a car is still on wet tyres with 1.5mm rain after flag, is it relevant?",motorsport,567,https://nextclip.example/sports/other/explainers/if-a-car-is-still-on-wet-tyres-with-1-5mm-rain-after-flag-is-moto/
if-a-car-is-still-overhauling-before-the-line-at-0-001-who-w-moto,"If a car is still overhauling before the line at 0.001, who wins?",motorsport,537,https://nextclip.example/sports/other/explainers/if-a-car-is-still-overhauling-before-the-line-at-0-001-who-w-moto/
if-a-car-is-still-overtaking-under-yellow-as-flag-waves-motorspor,If a car is still overtaking under yellow as flag waves?,motorsport,517,https://nextclip.example/sports/other/explainers/if-a-car-is-still-overtaking-under-yellow-as-flag-waves-motorspor/
if-a-car-is-still-refuelling-mid-race-when-red-flag-shows-is-moto,"If a car is still refuelling mid-race when red flag shows, is it allowed?",motorsport,547,https://nextclip.example/sports/other/explainers/if-a-car-is-still-refuelling-mid-race-when-red-flag-shows-is-moto/
if-a-car-is-still-sideways-at-the-line-with-2-6mm-margin-motorspo,If a car is still sideways at the line with 2.6mm margin?,motorsport,527,https://nextclip.example/sports/other/explainers/if-a-car-is-still-sideways-at-the-line-with-2-6mm-margin-motorspo/
if-a-car-is-still-spinning-after-contact-at-the-line-is-it-c-moto,"If a car is still spinning after contact at the line, is it classified by last line before spin?",motorsport,597,https://nextclip.example/sports/other/explainers/if-a-car-is-still-spinning-after-contact-at-the-line-is-it-c-moto/
if-a-car-is-still-under-107-in-q1-but-improves-on-last-lap-a-moto,If a car is still under 107% in Q1 but improves on last lap after time?,motorsport,567,https://nextclip.example/sports/other/explainers/if-a-car-is-still-under-107-in-q1-but-improves-on-last-lap-a-moto/
if-a-car-is-still-within-1-sec-for-drs-as-flag-waves-does-dr-moto,"If a car is still within 1 sec for DRS as flag waves, does DRS matter?",motorsport,567,https://nextclip.example/sports/other/explainers/if-a-car-is-still-within-1-sec-for-drs-as-flag-waves-does-dr-moto/
if-a-crash-is-still-happening-as-the-flag-waves-is-it-red-fl-moto,"If a crash is still happening as the flag waves, is it red-flagged?",motorsport,537,https://nextclip.example/sports/other/explainers/if-a-crash-is-still-happening-as-the-flag-waves-is-it-red-fl-moto/
if-a-formula-e-car-is-still-regenerating-40-when-flag-waves--moto,"If a Formula E car is still regenerating 40% when flag waves, does it matter?",motorsport,557,https://nextclip.example/sports/other/explainers/if-a-formula-e-car-is-still-regenerating-40-when-flag-waves--moto/
if-a-kart-is-still-sliding-when-the-flag-waves-motorsport,If a kart is still sliding when the flag waves?,motorsport,507,https://nextclip.example/sports/other/explainers/if-a-kart-is-still-sliding-when-the-flag-waves-motorsport/
if-a-motogp-bike-is-still-wheelieing-across-the-line-at-time-moto,If a MotoGP bike is still wheelieing across the line at time?,motorsport,527,https://nextclip.example/sports/other/explainers/if-a-motogp-bike-is-still-wheelieing-across-the-line-at-time-moto/
if-a-penalty-is-still-pending-when-flag-waves-is-it-applied--moto,"If a penalty is still pending when flag waves, is it applied after?",motorsport,537,https://nextclip.example/sports/other/explainers/if-a-penalty-is-still-pending-when-flag-waves-is-it-applied--moto/
if-a-tyre-is-still-degrading-0-08-per-lap-when-the-race-is-r-moto,If a tyre is still degrading 0.08 per lap when the race is red-flagged mid-lap?,motorsport,557,https://nextclip.example/sports/other/explainers/if-a-tyre-is-still-degrading-0-08-per-lap-when-the-race-is-r-moto/
if-a-wrc-car-is-still-mid-jump-when-time-is-called-is-the-ti-moto,"If a WRC car is still mid-jump when time is called, is the time counted?",motorsport,557,https://nextclip.example/sports/other/explainers/if-a-wrc-car-is-still-mid-jump-when-time-is-called-is-the-ti-moto/
if-drs-is-still-open-when-the-flag-waves-is-it-legal-motorsport,"If DRS is still open when the flag waves, is it legal?",motorsport,527,https://nextclip.example/sports/other/explainers/if-drs-is-still-open-when-the-flag-waves-is-it-legal-motorsport/
if-the-chequered-flag-waves-while-a-car-is-still-mid-corner--moto,"If the chequered flag waves while a car is still mid-corner before the line, does the lap count?",motorsport,587,https://nextclip.example/sports/other/explainers/if-the-chequered-flag-waves-while-a-car-is-still-mid-corner--moto/
if-the-safety-car-is-still-out-when-time-expires-does-race-e-moto,"If the safety car is still out when time expires, does race end under safety car?",motorsport,567,https://nextclip.example/sports/other/explainers/if-the-safety-car-is-still-out-when-time-expires-does-race-e-moto/
indycar-motorsport,What is IndyCar?,motorsport,332,https://nextclip.example/sports/other/explainers/indycar-motorsport/
karting-motorsport,What is Karting?,motorsport,332,https://nextclip.example/sports/other/explainers/karting-motorsport/
karting-to-f1-motorsport,What is Karting to F1?,motorsport,321,https://nextclip.example/sports/other/explainers/karting-to-f1-motorsport/
le-mans-motorsport,What is Le Mans?,motorsport,343,https://nextclip.example/sports/other/explainers/le-mans-motorsport/
monaco-harbour-motorsport,What is Monaco harbour?,motorsport,343,https://nextclip.example/sports/other/explainers/monaco-harbour-motorsport/
motogp-motorsport,What is MotoGP?,motorsport,332,https://nextclip.example/sports/other/explainers/motogp-motorsport/
motogp-qualifying-motorsport,What is MotoGP qualifying?,motorsport,343,https://nextclip.example/sports/other/explainers/motogp-qualifying-motorsport/
nascar-motorsport,What is NASCAR?,motorsport,332,https://nextclip.example/sports/other/explainers/nascar-motorsport/
paddock-motorsport,What is Paddock?,motorsport,332,https://nextclip.example/sports/other/explainers/paddock-motorsport/
pit-wall-motorsport,What is Pit wall?,motorsport,343,https://nextclip.example/sports/other/explainers/pit-wall-motorsport/
qualifying-107-motorsport,How does the 107% rule work in Formula 1 qualifying?,motorsport,343,https://nextclip.example/sports/other/explainers/qualifying-107-motorsport/
rally-pace-notes-motorsport,What is Rally pace notes?,motorsport,321,https://nextclip.example/sports/other/explainers/rally-pace-notes-motorsport/
safety-halo-motorsport,What is Safety Halo?,motorsport,343,https://nextclip.example/sports/other/explainers/safety-halo-motorsport/
silly-season-motorsport,What is Silly season?,motorsport,343,https://nextclip.example/sports/other/explainers/silly-season-motorsport/
sprint-format-motorsport,What is Sprint format?,motorsport,343,https://nextclip.example/sports/other/explainers/sprint-format-motorsport/
super-licence-motorsport,What is Super licence?,motorsport,343,https://nextclip.example/sports/other/explainers/super-licence-motorsport/
tcr-motorsport,What is TCR?,motorsport,332,https://nextclip.example/sports/other/explainers/tcr-motorsport/
tyre-degradation-motorsport,What is Tyre degradation?,motorsport,343,https://nextclip.example/sports/other/explainers/tyre-degradation-motorsport/
weather-strategy-motorsport,What is Weather strategy?,motorsport,343,https://nextclip.example/sports/other/explainers/weather-strategy-motorsport/
wec-motorsport,What is WEC?,motorsport,332,https://nextclip.example/sports/other/explainers/wec-motorsport/
what-is-constructors-vs-drivers-in-f1,What are constructors vs drivers championships in F1?,motorsport,333,https://nextclip.example/sports/other/explainers/what-is-constructors-vs-drivers-in-f1/
what-is-f1-drag-reduction-system-drs,What is DRS in Formula 1?,motorsport,556,https://nextclip.example/sports/other/explainers/what-is-f1-drag-reduction-system-drs/
what-is-fia-super-licence,What is the FIA super licence?,motorsport,639,https://nextclip.example/sports/other/explainers/what-is-fia-super-licence/
what-is-formula-1-and-how-does-it-work,What is Formula 1 — and how does it work?,motorsport,435,https://nextclip.example/sports/other/explainers/what-is-formula-1-and-how-does-it-work/
what-is-formula-1-sprint-weekend,What is a Formula 1 sprint weekend?,motorsport,487,https://nextclip.example/sports/other/explainers/what-is-formula-1-sprint-weekend/
what-is-safety-car-and-virtual-safety-car-in-f1,What are safety car and virtual safety car in F1?,motorsport,549,https://nextclip.example/sports/other/explainers/what-is-safety-car-and-virtual-safety-car-in-f1/
why-do-2026-f1-cars-shift-to-5050-electric-motorsport-1,Why do 2026 F1 cars shift to 50:50 electric?,motorsport,405,https://nextclip.example/sports/other/explainers/why-do-2026-f1-cars-shift-to-5050-electric-motorsport-1/
why-do-drivers-get-banned-for-ignoring-blue-flags-motorsport-1,Why do drivers get banned for ignoring blue flags?,motorsport,405,https://nextclip.example/sports/other/explainers/why-do-drivers-get-banned-for-ignoring-blue-flags-motorsport-1/
why-do-drivers-get-banned-for-pit-lane-speeding-ac-motorsport-1,Why do drivers get banned for pit lane speeding accumulation?,motorsport,415,https://nextclip.example/sports/other/explainers/why-do-drivers-get-banned-for-pit-lane-speeding-ac-motorsport-1/
why-do-drivers-get-banned-for-super-licence-points-motorsport-1,Why do drivers get banned for super licence points (12 in 12 months)?,motorsport,445,https://nextclip.example/sports/other/explainers/why-do-drivers-get-banned-for-super-licence-points-motorsport-1/
why-do-drs-zones-need-1-sec-gap-motorsport-1,Why do DRS zones need 1 sec gap?,motorsport,395,https://nextclip.example/sports/other/explainers/why-do-drs-zones-need-1-sec-gap-motorsport-1/
why-do-fans-pay-2000-for-paddock-club-vs-30-ga-motorsport-1,Why do fans pay $2000 for Paddock Club vs $30 GA?,motorsport,425,https://nextclip.example/sports/other/explainers/why-do-fans-pay-2000-for-paddock-club-vs-30-ga-motorsport-1/
why-do-flag-rules-use-7-colors-yellow-blue-red-motorsport-1,"Why do flag rules use 7 colors (yellow, blue, red)?",motorsport,415,https://nextclip.example/sports/other/explainers/why-do-flag-rules-use-7-colors-yellow-blue-red-motorsport-1/
why-do-formula-2-cars-have-same-chassis-for-10-tea-motorsport-1,Why do Formula 2 cars have same chassis for 10 teams?,motorsport,425,https://nextclip.example/sports/other/explainers/why-do-formula-2-cars-have-same-chassis-for-10-tea-motorsport-1/
why-do-rally-cars-have-co-driver-reading-1-note-pe-motorsport-1,Why do rally cars have co-driver reading 1 note per 2 sec?,motorsport,435,https://nextclip.example/sports/other/explainers/why-do-rally-cars-have-co-driver-reading-1-note-pe-motorsport-1/
why-do-super-licences-need-40-points-in-3-years-motorsport-1,Why do super licences need 40 points in 3 years?,motorsport,415,https://nextclip.example/sports/other/explainers/why-do-super-licences-need-40-points-in-3-years-motorsport-1/
why-do-teams-get-banned-for-flexible-wings-motorsport-1,Why do teams get banned for flexible wings?,motorsport,395,https://nextclip.example/sports/other/explainers/why-do-teams-get-banned-for-flexible-wings-motorsport-1/
why-do-teams-get-banned-in-motorsport-cost-cap-bre-motorsport-1,Why do teams get banned in motorsport (cost cap breach)?,motorsport,415,https://nextclip.example/sports/other/explainers/why-do-teams-get-banned-in-motorsport-cost-cap-bre-motorsport-1/
why-do-teams-get-dsq-for-plank-wear-1mm-motorsport-1,Why do teams get DSQ for plank wear 1mm?,motorsport,405,https://nextclip.example/sports/other/explainers/why-do-teams-get-dsq-for-plank-wear-1mm-motorsport-1/
why-do-tyres-degrade-0-08-per-lap-on-softs-motorsport-1,Why do tyres degrade 0.08 per lap on softs?,motorsport,405,https://nextclip.example/sports/other/explainers/why-do-tyres-degrade-0-08-per-lap-on-softs-motorsport-1/
why-does-1-6l-hybrid-make-1000bhp-with-ers-160bhp-motorsport-1,Why does 1.6L hybrid make 1000bhp with ERS 160bhp?,motorsport,405,https://nextclip.example/sports/other/explainers/why-does-1-6l-hybrid-make-1000bhp-with-ers-160bhp-motorsport-1/
why-does-2026-calendar-have-24-races-vs-16-in-2000-motorsport-1,Why does 2026 calendar have 24 races vs 16 in 2000?,motorsport,425,https://nextclip.example/sports/other/explainers/why-does-2026-calendar-have-24-races-vs-16-in-2000-motorsport-1/
why-does-dakar-rally-last-14-days-and-8000km-motorsport-1,Why does Dakar Rally last 14 days and 8000km?,motorsport,405,https://nextclip.example/sports/other/explainers/why-does-dakar-rally-last-14-days-and-8000km-motorsport-1/
why-does-data-telemetry-send-1khz-per-car-motorsport-1,Why does data telemetry send 1kHz per car?,motorsport,395,https://nextclip.example/sports/other/explainers/why-does-data-telemetry-send-1khz-per-car-motorsport-1/
why-does-drag-racing-need-1000ft-vs-quarter-mile-motorsport-1,Why does drag racing need 1000ft vs quarter mile?,motorsport,405,https://nextclip.example/sports/other/explainers/why-does-drag-racing-need-1000ft-vs-quarter-mile-motorsport-1/
why-does-drifting-need-600bhp-and-60-degree-lock-motorsport-1,Why does drifting need 600bhp and 60-degree lock?,motorsport,395,https://nextclip.example/sports/other/explainers/why-does-drifting-need-600bhp-and-60-degree-lock-motorsport-1/
why-does-drs-give-10-12-kph-extra-motorsport-1,Why does DRS give 10-12 kph extra?,motorsport,385,https://nextclip.example/sports/other/explainers/why-does-drs-give-10-12-kph-extra-motorsport-1/
why-does-f1-history-show-6-wheel-tyrrell-motorsport-1,Why does F1 history show 6-wheel Tyrrell?,motorsport,385,https://nextclip.example/sports/other/explainers/why-does-f1-history-show-6-wheel-tyrrell-motorsport-1/
why-does-f1-parc-ferme-lock-after-q1-motorsport-1,Why does F1 parc ferme lock after Q1?,motorsport,395,https://nextclip.example/sports/other/explainers/why-does-f1-parc-ferme-lock-after-q1-motorsport-1/
why-does-f1-use-a-135m-budget-cap-motorsport-1,Why does F1 use a $135m budget cap?,motorsport,395,https://nextclip.example/sports/other/explainers/why-does-f1-use-a-135m-budget-cap-motorsport-1/
why-does-f1-use-halo-125kn-protection-motorsport,Why does F1 use Halo 125kN protection?,motorsport,371,https://nextclip.example/sports/other/explainers/why-does-f1-use-halo-125kn-protection-motorsport/
why-does-f1-vs-indycar-top-speed-360-vs-380-motorsport-1,Why does F1 vs IndyCar top speed 360 vs 380?,motorsport,415,https://nextclip.example/sports/other/explainers/why-does-f1-vs-indycar-top-speed-360-vs-380-motorsport-1/
why-does-formula-1-have-a-107-qualifying-rule-motorsport-1,Why does Formula 1 have a 107% qualifying rule?,motorsport,405,https://nextclip.example/sports/other/explainers/why-does-formula-1-have-a-107-qualifying-rule-motorsport-1/
why-does-formula-e-have-attack-mode-350kw-motorsport-1,Why does Formula E have Attack Mode 350kW?,motorsport,395,https://nextclip.example/sports/other/explainers/why-does-formula-e-have-attack-mode-350kw-motorsport-1/
why-does-formula-e-regenerate-40-energy-motorsport-1,Why does Formula E regenerate 40% energy?,motorsport,385,https://nextclip.example/sports/other/explainers/why-does-formula-e-regenerate-40-energy-motorsport-1/
why-does-gt-world-challenge-have-bronze-vs-pro-motorsport-1,Why does GT World Challenge have Bronze vs Pro?,motorsport,405,https://nextclip.example/sports/other/explainers/why-does-gt-world-challenge-have-bronze-vs-pro-motorsport-1/
why-does-halo-hold-125kn-motorsport-1,Why does Halo hold 125kN?,motorsport,365,https://nextclip.example/sports/other/explainers/why-does-halo-hold-125kn-motorsport-1/
why-does-indycar-have-push-to-pass-60-sec-motorsport-1,Why does IndyCar have push-to-pass 60 sec?,motorsport,385,https://nextclip.example/sports/other/explainers/why-does-indycar-have-push-to-pass-60-sec-motorsport-1/
why-does-karting-start-at-age-6-to-reach-f1-at-17-motorsport-1,Why does karting start at age 6 to reach F1 at 17?,motorsport,435,https://nextclip.example/sports/other/explainers/why-does-karting-start-at-age-6-to-reach-f1-at-17-motorsport-1/
why-does-karting-to-f1-cost-8m-motorsport-1,Why does karting-to-F1 cost $8m?,motorsport,365,https://nextclip.example/sports/other/explainers/why-does-karting-to-f1-cost-8m-motorsport-1/
why-does-le-mans-last-24-hours-396-laps-motorsport-1,Why does Le Mans last 24 hours (396 laps)?,motorsport,405,https://nextclip.example/sports/other/explainers/why-does-le-mans-last-24-hours-396-laps-motorsport-1/
why-does-monaco-harbour-define-monaco-gp-harbour-c-motorsport-1,Why does Monaco harbour define Monaco GP harbour chicane?,motorsport,405,https://nextclip.example/sports/other/explainers/why-does-monaco-harbour-define-monaco-gp-harbour-c-motorsport-1/
why-does-motogp-have-sprint-races-half-distance-motorsport-1,Why does MotoGP have sprint races half distance?,motorsport,395,https://nextclip.example/sports/other/explainers/why-does-motogp-have-sprint-races-half-distance-motorsport-1/
why-does-motogp-qualifying-use-q1-15-min-q2-motorsport-1,Why does MotoGP qualifying use Q1 15 min + Q2?,motorsport,415,https://nextclip.example/sports/other/explainers/why-does-motogp-qualifying-use-q1-15-min-q2-motorsport-1/
why-does-nascar-stage-racing-have-3-stages-motorsport-1,Why does NASCAR stage racing have 3 stages?,motorsport,395,https://nextclip.example/sports/other/explainers/why-does-nascar-stage-racing-have-3-stages-motorsport-1/
why-does-paddock-hospitality-cost-1m-per-race-motorsport-1,Why does paddock hospitality cost $1m per race?,motorsport,395,https://nextclip.example/sports/other/explainers/why-does-paddock-hospitality-cost-1m-per-race-motorsport-1/
why-does-pit-wall-decide-undercut-vs-overcut-2-sec-motorsport-1,Why does pit wall decide undercut vs overcut 2 sec?,motorsport,415,https://nextclip.example/sports/other/explainers/why-does-pit-wall-decide-undercut-vs-overcut-2-sec-motorsport-1/
why-does-qualifying-use-q1-q2-q3-not-single-motorsport-1,Why does qualifying use Q1-Q2-Q3 not single?,motorsport,385,https://nextclip.example/sports/other/explainers/why-does-qualifying-use-q1-q2-q3-not-single-motorsport-1/
why-does-safety-car-cut-30-distance-at-100kph-motorsport-1,Why does safety car cut 30% distance at 100kph?,motorsport,405,https://nextclip.example/sports/other/explainers/why-does-safety-car-cut-30-distance-at-100kph-motorsport-1/
why-does-silly-season-peak-in-august-motorsport-1,Why does silly season peak in August?,motorsport,385,https://nextclip.example/sports/other/explainers/why-does-silly-season-peak-in-august-motorsport-1/
why-does-tcr-balance-340bhp-via-bop-motorsport-1,Why does TCR balance 340bhp via BoP?,motorsport,385,https://nextclip.example/sports/other/explainers/why-does-tcr-balance-340bhp-via-bop-motorsport-1/
why-does-tyre-allocation-give-13-sets-per-weekend-motorsport-1,Why does tyre allocation give 13 sets per weekend?,motorsport,405,https://nextclip.example/sports/other/explainers/why-does-tyre-allocation-give-13-sets-per-weekend-motorsport-1/
why-does-weather-strategy-pivot-on-1-5mm-rain-motorsport-1,Why does weather strategy pivot on 1.5mm rain?,motorsport,395,https://nextclip.example/sports/other/explainers/why-does-weather-strategy-pivot-on-1-5mm-rain-motorsport-1/
why-does-wec-hypercar-weigh-1030kg-vs-f1-798kg-motorsport-1,Why does WEC hypercar weigh 1030kg vs F1 798kg?,motorsport,405,https://nextclip.example/sports/other/explainers/why-does-wec-hypercar-weigh-1030kg-vs-f1-798kg-motorsport-1/
why-does-wrc-use-pace-notes-1-per-5m-motorsport-1,Why does WRC use pace notes 1 per 5m?,motorsport,405,https://nextclip.example/sports/other/explainers/why-does-wrc-use-pace-notes-1-per-5m-motorsport-1/
why-does-wsbk-have-reverse-grid-race-2-motorsport-1,Why does WSBK have reverse grid race 2?,motorsport,395,https://nextclip.example/sports/other/explainers/why-does-wsbk-have-reverse-grid-race-2-motorsport-1/
why-is-monaco-grand-prix-special,Why is the Monaco Grand Prix special?,motorsport,540,https://nextclip.example/sports/other/explainers/why-is-monaco-grand-prix-special/
wrc-motorsport,What is WRC?,motorsport,332,https://nextclip.example/sports/other/explainers/wrc-motorsport/
wsbk-motorsport,What is WSBK?,motorsport,332,https://nextclip.example/sports/other/explainers/wsbk-motorsport/
all-blacks-rugby,What is All Blacks?,rugby,331,https://nextclip.example/sports/other/explainers/all-blacks-rugby/
barbarians-rugby,What is Barbarians?,rugby,352,https://nextclip.example/sports/other/explainers/barbarians-rugby/
blood-bin-rugby,What is Blood bin?,rugby,331,https://nextclip.example/sports/other/explainers/blood-bin-rugby/
bonus-point-rugby,What is Bonus point?,rugby,331,https://nextclip.example/sports/other/explainers/bonus-point-rugby/
calcutta-cup-rugby,What is Calcutta Cup?,rugby,331,https://nextclip.example/sports/other/explainers/calcutta-cup-rugby/
challenge-cup-rugby,What is Challenge Cup?,rugby,331,https://nextclip.example/sports/other/explainers/challenge-cup-rugby/
conversion-kick-rugby,What is Conversion kick?,rugby,331,https://nextclip.example/sports/other/explainers/conversion-kick-rugby/
disciplinary-rugby,What is Disciplinary?,rugby,352,https://nextclip.example/sports/other/explainers/disciplinary-rugby/
drop-goal-rugby,What is Drop goal?,rugby,331,https://nextclip.example/sports/other/explainers/drop-goal-rugby/
head-injury-rugby,What is Head injury?,rugby,331,https://nextclip.example/sports/other/explainers/head-injury-rugby/
high-tackle-rugby,What is High tackle?,rugby,331,https://nextclip.example/sports/other/explainers/high-tackle-rugby/
how-does-rugby-league-differ-from-union,How does rugby league differ from union?,rugby,353,https://nextclip.example/sports/other/explainers/how-does-rugby-league-differ-from-union/
how-does-rugby-sevens-work,How does rugby sevens actually work?,rugby,509,https://nextclip.example/sports/other/explainers/how-does-rugby-sevens-work/
how-does-rugby-sin-bin-and-red-card-work,How do sin bins and red cards work in rugby?,rugby,525,https://nextclip.example/sports/other/explainers/how-does-rugby-sin-bin-and-red-card-work/
how-does-rugby-union-work,How does rugby union actually work?,rugby,521,https://nextclip.example/sports/other/explainers/how-does-rugby-union-work/
how-does-super-league-work,How does Super League work?,rugby,396,https://nextclip.example/sports/other/explainers/how-does-super-league-work/
how-does-the-rugby-world-cup-work,How does the Rugby World Cup work?,rugby,522,https://nextclip.example/sports/other/explainers/how-does-the-rugby-world-cup-work/
if-a-charge-down-ball-is-still-in-air-as-hooter-sounds-can-i-rugb,"If a charge-down ball is still in air as hooter sounds, can it be caught to score?",rugby,612,https://nextclip.example/sports/other/explainers/if-a-charge-down-ball-is-still-in-air-as-hooter-sounds-can-i-rugb/
if-a-conversion-is-still-to-be-taken-as-hooter-sounds-after--rugb,If a conversion is still to be taken as hooter sounds after try before hooter?,rugby,590,https://nextclip.example/sports/other/explainers/if-a-conversion-is-still-to-be-taken-as-hooter-sounds-after--rugb/
if-a-conversion-is-still-wobbling-on-the-uprights-after-hoot-rugb,If a conversion is still wobbling on the uprights after hooter?,rugby,546,https://nextclip.example/sports/other/explainers/if-a-conversion-is-still-wobbling-on-the-uprights-after-hoot-rugb/
if-a-drop-goal-is-kicked-as-the-hooter-sounds-and-then-goes--rugb,If a drop goal is kicked as the hooter sounds and then goes over?,rugby,579,https://nextclip.example/sports/other/explainers/if-a-drop-goal-is-kicked-as-the-hooter-sounds-and-then-goes--rugb/
if-a-high-tackle-is-still-being-reviewed-in-bunker-8-min-wit-rugb,If a high tackle is still being reviewed in bunker 8 min with ball still out?,rugby,601,https://nextclip.example/sports/other/explainers/if-a-high-tackle-is-still-being-reviewed-in-bunker-8-min-wit-rugb/
if-a-kick-is-still-being-charged-down-as-hooter-sounds-is-it-rugb,"If a kick is still being charged down as hooter sounds, is it play on?",rugby,590,https://nextclip.example/sports/other/explainers/if-a-kick-is-still-being-charged-down-as-hooter-sounds-is-it-rugb/
if-a-lineout-is-still-forming-with-2m-15m-gap-at-hooter-is-i-rugb,"If a lineout is still forming with 2m-15m gap at hooter, is it played?",rugby,579,https://nextclip.example/sports/other/explainers/if-a-lineout-is-still-forming-with-2m-15m-gap-at-hooter-is-i-rugb/
if-a-lineout-throw-is-still-in-the-air-when-time-expires-is--rugb,"If a lineout throw is still in the air when time expires, is it played?",rugby,590,https://nextclip.example/sports/other/explainers/if-a-lineout-throw-is-still-in-the-air-when-time-expires-is--rugb/
if-a-penalty-kick-is-still-flying-when-time-expires-does-it--rugb,"If a penalty kick is still flying when time expires, does it count?",rugby,568,https://nextclip.example/sports/other/explainers/if-a-penalty-kick-is-still-flying-when-time-expires-does-it--rugb/
if-a-penalty-try-is-awarded-with-ball-still-in-motion-before-rugb,If a penalty try is awarded with ball still in motion before line?,rugby,568,https://nextclip.example/sports/other/explainers/if-a-penalty-try-is-awarded-with-ball-still-in-motion-before-rugb/
if-a-player-is-still-being-held-up-over-the-line-with-ball-s-rugb,If a player is still being held up over the line with ball still not grounded at hooter?,rugby,623,https://nextclip.example/sports/other/explainers/if-a-player-is-still-being-held-up-over-the-line-with-ball-s-rugb/
if-a-player-is-still-in-the-sin-bin-when-hooter-sounds-can-h-rugb,"If a player is still in the sin bin when hooter sounds, can he return?",rugby,590,https://nextclip.example/sports/other/explainers/if-a-player-is-still-in-the-sin-bin-when-hooter-sounds-can-h-rugb/
if-a-player-is-still-in-touch-while-catching-ball-in-air-at--rugb,If a player is still in touch while catching ball in air at time?,rugby,579,https://nextclip.example/sports/other/explainers/if-a-player-is-still-in-touch-while-catching-ball-in-air-at--rugb/
if-a-player-is-still-offside-10m-from-kick-when-time-expires-rugb,If a player is still offside 10m from kick when time expires and ball still flying?,rugby,601,https://nextclip.example/sports/other/explainers/if-a-player-is-still-offside-10m-from-kick-when-time-expires-rugb/
if-a-player-is-still-offside-from-previous-ruck-as-ball-stil-rugb,If a player is still offside from previous ruck as ball still in ruck at hooter?,rugby,601,https://nextclip.example/sports/other/explainers/if-a-player-is-still-offside-from-previous-ruck-as-ball-stil-rugb/
if-a-player-is-still-tackling-with-ball-still-in-hand-at-hoo-rugb,"If a player is still tackling with ball still in hand at hooter, is it maul?",rugby,601,https://nextclip.example/sports/other/explainers/if-a-player-is-still-tackling-with-ball-still-in-hand-at-hoo-rugb/
if-a-player-kicks-to-touch-with-ball-still-in-air-after-hoot-rugb,If a player kicks to touch with ball still in air after hooter from before hooter?,rugby,601,https://nextclip.example/sports/other/explainers/if-a-player-kicks-to-touch-with-ball-still-in-air-after-hoot-rugb/
if-a-player-throws-the-ball-forward-still-in-motion-as-hoote-rugb,"If a player throws the ball forward still in motion as hooter sounds, is it knock-on?",rugby,601,https://nextclip.example/sports/other/explainers/if-a-player-throws-the-ball-forward-still-in-motion-as-hoote-rugb/
if-a-quick-tap-is-taken-after-hooter-from-penalty-before-hoo-rugb,If a quick tap is taken after hooter from penalty before hooter?,rugby,557,https://nextclip.example/sports/other/explainers/if-a-quick-tap-is-taken-after-hooter-from-penalty-before-hoo-rugb/
if-a-scrum-is-still-being-set-when-time-expires-does-it-play-rugb,"If a scrum is still being set when time expires, does it play?",rugby,568,https://nextclip.example/sports/other/explainers/if-a-scrum-is-still-being-set-when-time-expires-does-it-play-rugb/
if-a-scrum-penalty-is-still-being-advantage-played-with-ball-rugb,If a scrum penalty is still being advantage played with ball still at 9's feet at hooter?,rugby,612,https://nextclip.example/sports/other/explainers/if-a-scrum-penalty-is-still-being-advantage-played-with-ball-rugb/
if-a-try-is-scored-with-ball-still-being-held-up-by-defender-rugb,If a try is scored with ball still being held up by defender at hooter?,rugby,590,https://nextclip.example/sports/other/explainers/if-a-try-is-scored-with-ball-still-being-held-up-by-defender-rugb/
if-a-try-is-scored-with-ball-still-in-motion-after-hooter-fr-rugb,If a try is scored with ball still in motion after hooter from a kick before hooter?,rugby,612,https://nextclip.example/sports/other/explainers/if-a-try-is-scored-with-ball-still-in-motion-after-hooter-fr-rugb/
if-a-try-is-still-being-grounded-with-ball-still-moving-on-l-rugb,If a try is still being grounded with ball still moving on line at hooter?,rugby,590,https://nextclip.example/sports/other/explainers/if-a-try-is-still-being-grounded-with-ball-still-moving-on-l-rugb/
if-the-ball-goes-into-touch-still-in-air-after-time-is-lineo-rugb,"If the ball goes into touch still in air after time, is lineout played?",rugby,579,https://nextclip.example/sports/other/explainers/if-the-ball-goes-into-touch-still-in-air-after-time-is-lineo-rugb/
if-the-ball-is-still-being-passed-along-the-line-as-hooter-s-rugb,"If the ball is still being passed along the line as hooter sounds, can try be scored?",rugby,612,https://nextclip.example/sports/other/explainers/if-the-ball-is-still-being-passed-along-the-line-as-hooter-s-rugb/
if-the-ball-is-still-bouncing-from-a-kick-that-was-charged-d-rugb,If the ball is still bouncing from a kick that was charged down at hooter?,rugby,590,https://nextclip.example/sports/other/explainers/if-the-ball-is-still-bouncing-from-a-kick-that-was-charged-d-rugb/
if-the-ball-is-still-in-a-maul-when-time-expires-does-play-c-rugb,"If the ball is still in a maul when time expires, does play continue?",rugby,579,https://nextclip.example/sports/other/explainers/if-the-ball-is-still-in-a-maul-when-time-expires-does-play-c-rugb/
if-the-ball-is-still-in-a-ruck-gate-1m-as-time-expires-rugby,If the ball is still in a ruck gate 1m as time expires?,rugby,568,https://nextclip.example/sports/other/explainers/if-the-ball-is-still-in-a-ruck-gate-1m-as-time-expires-rugby/
if-the-ball-is-still-in-a-ruck-with-jackal-at-0-8-sec-when-t-rugb,If the ball is still in a ruck with jackal at 0.8 sec when time expires?,rugby,601,https://nextclip.example/sports/other/explainers/if-the-ball-is-still-in-a-ruck-with-jackal-at-0-8-sec-when-t-rugb/
if-the-ball-is-still-in-flight-from-a-cross-field-kick-at-80-rugb,If the ball is still in flight from a cross-field kick at 80:00+0.1?,rugby,568,https://nextclip.example/sports/other/explainers/if-the-ball-is-still-in-flight-from-a-cross-field-kick-at-80-rugb/
if-the-ball-is-still-in-the-22m-when-time-expires-can-quick--rugb,"If the ball is still in the 22m when time expires, can quick lineout be taken?",rugby,601,https://nextclip.example/sports/other/explainers/if-the-ball-is-still-in-the-22m-when-time-expires-can-quick--rugb/
if-the-ball-is-still-in-the-air-from-a-5022-kick-at-hooter-rugby,If the ball is still in the air from a 50:22 kick at hooter?,rugby,579,https://nextclip.example/sports/other/explainers/if-the-ball-is-still-in-the-air-from-a-5022-kick-at-hooter-rugby/
if-the-ball-is-still-in-the-air-from-a-box-kick-as-hooter-so-rugb,If the ball is still in the air from a box kick as hooter sounds?,rugby,590,https://nextclip.example/sports/other/explainers/if-the-ball-is-still-in-the-air-from-a-box-kick-as-hooter-so-rugb/
if-the-ball-is-still-in-the-air-from-a-conversion-kick-when--rugb,"If the ball is still in the air from a conversion kick when the final hooter sounds, does it count?",rugby,645,https://nextclip.example/sports/other/explainers/if-the-ball-is-still-in-the-air-from-a-conversion-kick-when--rugb/
if-the-ball-is-still-in-the-air-from-a-goal-line-drop-out-at-rugb,If the ball is still in the air from a goal-line drop-out at hooter?,rugby,579,https://nextclip.example/sports/other/explainers/if-the-ball-is-still-in-the-air-from-a-goal-line-drop-out-at-rugb/
if-the-ball-is-still-in-the-air-from-a-restart-after-a-try-a-rugb,If the ball is still in the air from a restart after a try at hooter?,rugby,601,https://nextclip.example/sports/other/explainers/if-the-ball-is-still-in-the-air-from-a-restart-after-a-try-a-rugb/
if-the-ball-is-still-in-the-in-goal-after-a-kick-as-hooter-s-rugb,If the ball is still in the in-goal after a kick as hooter sounds?,rugby,579,https://nextclip.example/sports/other/explainers/if-the-ball-is-still-in-the-in-goal-after-a-kick-as-hooter-s-rugb/
if-the-ball-is-still-in-the-scrum-tunnel-at-hooter-rugby,If the ball is still in the scrum tunnel at hooter?,rugby,546,https://nextclip.example/sports/other/explainers/if-the-ball-is-still-in-the-scrum-tunnel-at-hooter-rugby/
if-the-ball-is-still-rolling-after-a-knock-on-with-advantage-rugb,If the ball is still rolling after a knock-on with advantage being played at hooter?,rugby,590,https://nextclip.example/sports/other/explainers/if-the-ball-is-still-rolling-after-a-knock-on-with-advantage-rugb/
if-the-ball-is-still-rolling-dead-in-goal-as-hooter-sounds-i-rugb,"If the ball is still rolling dead in-goal as hooter sounds, is it 22 drop-out?",rugby,590,https://nextclip.example/sports/other/explainers/if-the-ball-is-still-rolling-dead-in-goal-as-hooter-sounds-i-rugb/
if-the-ball-is-still-rolling-from-a-kick-off-when-hooter-sou-rugb,If the ball is still rolling from a kick-off when hooter sounds?,rugby,557,https://nextclip.example/sports/other/explainers/if-the-ball-is-still-rolling-from-a-kick-off-when-hooter-sou-rugb/
if-the-hooter-sounds-mid-kick-for-touch-finder-rugby,If the hooter sounds mid-kick for touch finder?,rugby,513,https://nextclip.example/sports/other/explainers/if-the-hooter-sounds-mid-kick-for-touch-finder-rugby/
if-the-tmo-is-still-reviewing-with-ball-still-on-line-at-hoo-rugb,If the TMO is still reviewing with ball still on line at hooter?,rugby,568,https://nextclip.example/sports/other/explainers/if-the-tmo-is-still-reviewing-with-ball-still-on-line-at-hoo-rugb/
ireland-team-rugby,What is Ireland team?,rugby,331,https://nextclip.example/sports/other/explainers/ireland-team-rugby/
italy-team-rugby,What is Italy team?,rugby,331,https://nextclip.example/sports/other/explainers/italy-team-rugby/
kicking-rugby,What is Kicking?,rugby,352,https://nextclip.example/sports/other/explainers/kicking-rugby/
lineout-deep-rugby,What is Lineout deep?,rugby,331,https://nextclip.example/sports/other/explainers/lineout-deep-rugby/
lions-tour-rugby,What is Lions tour?,rugby,331,https://nextclip.example/sports/other/explainers/lions-tour-rugby/
maul-rugby,What is Maul?,rugby,352,https://nextclip.example/sports/other/explainers/maul-rugby/
offside-line-rugby,What is Offside line?,rugby,331,https://nextclip.example/sports/other/explainers/offside-line-rugby/
penalty-try-rugby,What is Penalty try?,rugby,331,https://nextclip.example/sports/other/explainers/penalty-try-rugby/
position-numbers-rugby,What is Position numbers?,rugby,331,https://nextclip.example/sports/other/explainers/position-numbers-rugby/
premiership-history-rugby,What is Premiership history?,rugby,331,https://nextclip.example/sports/other/explainers/premiership-history-rugby/
premiership-rugby,What is Premiership?,rugby,352,https://nextclip.example/sports/other/explainers/premiership-rugby/
pumas-rugby,What is Pumas?,rugby,352,https://nextclip.example/sports/other/explainers/pumas-rugby/
ruck-gate-rugby,What is Ruck gate?,rugby,331,https://nextclip.example/sports/other/explainers/ruck-gate-rugby/
rugby-championship-bonus-rugby,What is Rugby Championship bonus?,rugby,343,https://nextclip.example/sports/other/explainers/rugby-championship-bonus-rugby/
scotland-team-rugby,What is Scotland team?,rugby,331,https://nextclip.example/sports/other/explainers/scotland-team-rugby/
scrum-deep-rugby,What is Scrum deep?,rugby,331,https://nextclip.example/sports/other/explainers/scrum-deep-rugby/
season-calendar-rugby,What is Season calendar?,rugby,331,https://nextclip.example/sports/other/explainers/season-calendar-rugby/
sevens-series-rugby,What is Sevens Series?,rugby,331,https://nextclip.example/sports/other/explainers/sevens-series-rugby/
six-nations-bonus-rugby,What is Six Nations bonus?,rugby,343,https://nextclip.example/sports/other/explainers/six-nations-bonus-rugby/
springboks-rugby,What is Springboks?,rugby,352,https://nextclip.example/sports/other/explainers/springboks-rugby/
substitution-rugby,What is Substitution?,rugby,352,https://nextclip.example/sports/other/explainers/substitution-rugby/
super-rugby-rugby,What is Super Rugby?,rugby,331,https://nextclip.example/sports/other/explainers/super-rugby-rugby/
tmo-rugby,What is TMO?,rugby,352,https://nextclip.example/sports/other/explainers/tmo-rugby/
top-14-rugby,What is Top 14?,rugby,331,https://nextclip.example/sports/other/explainers/top-14-rugby/
try-of-century-rugby,What is Try of century?,rugby,343,https://nextclip.example/sports/other/explainers/try-of-century-rugby/
wales-team-rugby,What is Wales team?,rugby,331,https://nextclip.example/sports/other/explainers/wales-team-rugby/
wallabies-rugby,What is Wallabies?,rugby,352,https://nextclip.example/sports/other/explainers/wallabies-rugby/
what-is-the-rugby-championship,What is the Rugby Championship?,rugby,486,https://nextclip.example/sports/other/explainers/what-is-the-rugby-championship/
what-is-the-six-nations,What is the Six Nations?,rugby,444,https://nextclip.example/sports/other/explainers/what-is-the-six-nations/
what-is-the-united-rugby-championship,What is the United Rugby Championship?,rugby,538,https://nextclip.example/sports/other/explainers/what-is-the-united-rugby-championship/
why-do-barbarians-exist-since-1890-invitation-rugby-1,Why do Barbarians exist since 1890 invitation?,rugby,411,https://nextclip.example/sports/other/explainers/why-do-barbarians-exist-since-1890-invitation-rugby-1/
why-do-disciplinary-panels-give-6-vs-12-weeks-rugby-1,Why do disciplinary panels give 6 vs 12 weeks?,rugby,433,https://nextclip.example/sports/other/explainers/why-do-disciplinary-panels-give-6-vs-12-weeks-rugby-1/
why-do-lineouts-have-2m-15m-tramlines-rugby-1,Why do lineouts have 2m-15m tramlines?,rugby,400,https://nextclip.example/sports/other/explainers/why-do-lineouts-have-2m-15m-tramlines-rugby-1/
why-do-numbers-1-15-vs-1-23-matter-rugby-1,Why do numbers 1-15 vs 1-23 matter?,rugby,411,https://nextclip.example/sports/other/explainers/why-do-numbers-1-15-vs-1-23-matter-rugby-1/
why-do-replacements-allow-8-since-2016-rugby-1,Why do replacements allow 8 since 2016?,rugby,411,https://nextclip.example/sports/other/explainers/why-do-replacements-allow-8-since-2016-rugby-1/
why-do-rucks-have-jackal-at-0-8-seconds-rugby-1,Why do rucks have jackal at 0.8 seconds?,rugby,422,https://nextclip.example/sports/other/explainers/why-do-rucks-have-jackal-at-0-8-seconds-rugby-1/
why-do-rugby-players-get-banned-for-high-tackles-o-rugby-1,Why do rugby players get banned for high tackles or red cards?,rugby,466,https://nextclip.example/sports/other/explainers/why-do-rugby-players-get-banned-for-high-tackles-o-rugby-1/
why-do-rugby-players-tape-ears-rugby,Why do rugby players tape ears?,rugby,386,https://nextclip.example/sports/other/explainers/why-do-rugby-players-tape-ears-rugby/
why-do-rugby-teams-get-banned-or-docked-points-rugby-1,Why do rugby teams get banned or docked points?,rugby,433,https://nextclip.example/sports/other/explainers/why-do-rugby-teams-get-banned-or-docked-points-rugby-1/
why-do-scotland-vs-wales-vs-ireland-differ-in-6n-b-rugby-1,Why do Scotland vs Wales vs Ireland differ in 6N bonuses?,rugby,455,https://nextclip.example/sports/other/explainers/why-do-scotland-vs-wales-vs-ireland-differ-in-6n-b-rugby-1/
why-do-six-nations-bonus-points-exist-rugby-1,Why do Six Nations bonus points exist?,rugby,411,https://nextclip.example/sports/other/explainers/why-do-six-nations-bonus-points-exist-rugby-1/
why-do-springboks-vs-all-blacks-define-rugby-champ-rugby-1,Why do Springboks vs All Blacks define Rugby Championship?,rugby,433,https://nextclip.example/sports/other/explainers/why-do-springboks-vs-all-blacks-define-rugby-champ-rugby-1/
why-do-urc-teams-travel-11-hours-from-south-africa-rugby,Why do URC teams travel 11 hours from South Africa to Glasgow?,rugby,452,https://nextclip.example/sports/other/explainers/why-do-urc-teams-travel-11-hours-from-south-africa-rugby/
why-do-wallabies-and-pumas-struggle-at-altitude-rugby-1,Why do Wallabies and Pumas struggle at altitude?,rugby,422,https://nextclip.example/sports/other/explainers/why-do-wallabies-and-pumas-struggle-at-altitude-rugby-1/
why-does-4-tries-give-1-bonus-77-of-time-rugby-1,Why does 4 tries give 1 bonus 77% of time?,rugby,444,https://nextclip.example/sports/other/explainers/why-does-4-tries-give-1-bonus-77-of-time-rugby-1/
why-does-a-scrum-have-8-vs-8-and-9-feeds-rugby-1,Why does a scrum have 8 vs 8 and 9 feeds?,rugby,455,https://nextclip.example/sports/other/explainers/why-does-a-scrum-have-8-vs-8-and-9-feeds-rugby-1/
why-does-a-scrum-penalty-give-3-points-rugby,Why does a scrum penalty give 3 points?,rugby,408,https://nextclip.example/sports/other/explainers/why-does-a-scrum-penalty-give-3-points-rugby/
why-does-blood-bin-15-min-vs-hia-12-rugby-1,Why does blood bin 15 min vs HIA 12?,rugby,433,https://nextclip.example/sports/other/explainers/why-does-blood-bin-15-min-vs-hia-12-rugby-1/
why-does-bonus-at-7-points-for-losing-matter-23-rugby-1,Why does bonus at 7 points for losing matter 23%?,rugby,444,https://nextclip.example/sports/other/explainers/why-does-bonus-at-7-points-for-losing-matter-23-rugby-1/
why-does-calcutta-cup-define-england-scotland-sinc-rugby-1,Why does Calcutta Cup define England-Scotland since 1879?,rugby,422,https://nextclip.example/sports/other/explainers/why-does-calcutta-cup-define-england-scotland-sinc-rugby-1/
why-does-champions-cup-have-4-pools-of-6-plus-24-rugby-1,Why does Champions Cup have 4 pools of 6 plus 24?,rugby,455,https://nextclip.example/sports/other/explainers/why-does-champions-cup-have-4-pools-of-6-plus-24-rugby-1/
why-does-conversion-require-1m-behind-try-line-rugby-1,Why does conversion require 1m behind try line?,rugby,422,https://nextclip.example/sports/other/explainers/why-does-conversion-require-1m-behind-try-line-rugby-1/
why-does-drop-goal-3-vs-penalty-3-tie-break-rugby-1,Why does drop goal 3 vs penalty 3 tie-break?,rugby,433,https://nextclip.example/sports/other/explainers/why-does-drop-goal-3-vs-penalty-3-tie-break-rugby-1/
why-does-head-injury-assessment-last-12-min-rugby-1,Why does head injury assessment last 12 min?,rugby,422,https://nextclip.example/sports/other/explainers/why-does-head-injury-assessment-last-12-min-rugby-1/
why-does-high-tackle-above-shoulders-auto-red-now-rugby-1,Why does high tackle above shoulders auto red now?,rugby,433,https://nextclip.example/sports/other/explainers/why-does-high-tackle-above-shoulders-auto-red-now-rugby-1/
why-does-kicking-take-14-of-80-minutes-rugby-1,Why does kicking take 14 of 80 minutes?,rugby,422,https://nextclip.example/sports/other/explainers/why-does-kicking-take-14-of-80-minutes-rugby-1/
why-does-lineout-need-16-vs-5-jumpers-rugby-1,Why does lineout need 16 vs 5 jumpers?,rugby,422,https://nextclip.example/sports/other/explainers/why-does-lineout-need-16-vs-5-jumpers-rugby-1/
why-does-lions-tour-every-4-years-vs-olympics-4-rugby-1,Why does Lions tour every 4 years vs Olympics 4?,rugby,444,https://nextclip.example/sports/other/explainers/why-does-lions-tour-every-4-years-vs-olympics-4-rugby-1/
why-does-maul-vs-ruck-matter-at-3-seconds-rugby-1,Why does maul vs ruck matter at 3 seconds?,rugby,433,https://nextclip.example/sports/other/explainers/why-does-maul-vs-ruck-matter-at-3-seconds-rugby-1/
why-does-offside-line-10m-behind-kick-matter-rugby-1,Why does offside line 10m behind kick matter?,rugby,422,https://nextclip.example/sports/other/explainers/why-does-offside-line-10m-behind-kick-matter-rugby-1/
why-does-penalty-try-give-7-not-5-2-rugby-1,Why does penalty try give 7 not 5+2?,rugby,422,https://nextclip.example/sports/other/explainers/why-does-penalty-try-give-7-not-5-2-rugby-1/
why-does-premiership-have-10-teams-after-london-ir-rugby-1,Why does Premiership have 10 teams after London Irish etc?,rugby,444,https://nextclip.example/sports/other/explainers/why-does-premiership-have-10-teams-after-london-ir-rugby-1/
why-does-ruck-gate-at-1m-define-offside-rugby-1,Why does ruck gate at 1m define offside?,rugby,422,https://nextclip.example/sports/other/explainers/why-does-ruck-gate-at-1m-define-offside-rugby-1/
why-does-ruck-need-latch-1-player-not-2-rugby-1,Why does ruck need latch 1 player not 2?,rugby,433,https://nextclip.example/sports/other/explainers/why-does-ruck-need-latch-1-player-not-2-rugby-1/
why-does-rugby-calendar-clash-with-olympics-rugby-1,Why does rugby calendar clash with Olympics?,rugby,411,https://nextclip.example/sports/other/explainers/why-does-rugby-calendar-clash-with-olympics-rugby-1/
why-does-rugby-have-15-players-not-13-league-vs-un-rugby,Why does rugby have 15 players not 13 (league vs union)?,rugby,441,https://nextclip.example/sports/other/explainers/why-does-rugby-have-15-players-not-13-league-vs-un-rugby/
why-does-rugby-have-a-20-minute-red-card-since-202-rugby-1,Why does rugby have a 20-minute red card since 2024?,rugby,444,https://nextclip.example/sports/other/explainers/why-does-rugby-have-a-20-minute-red-card-since-202-rugby-1/
why-does-rugby-use-tmo-bunker-for-8-minutes-rugby-1,Why does rugby use TMO/bunker for 8 minutes?,rugby,422,https://nextclip.example/sports/other/explainers/why-does-rugby-use-tmo-bunker-for-8-minutes-rugby-1/
why-does-rugby-world-cup-have-20-teams-vs-womens-1-rugby-1,Why does Rugby World Cup have 20 teams vs Women's 16?,rugby,455,https://nextclip.example/sports/other/explainers/why-does-rugby-world-cup-have-20-teams-vs-womens-1-rugby-1/
why-does-scrum-need-1-5m-pre-bind-rugby-1,Why does scrum need 1.5m pre-bind?,rugby,400,https://nextclip.example/sports/other/explainers/why-does-scrum-need-1-5m-pre-bind-rugby-1/
why-does-sevens-have-7-minute-halves-vs-40-rugby-1,Why does Sevens have 7-minute halves vs 40?,rugby,422,https://nextclip.example/sports/other/explainers/why-does-sevens-have-7-minute-halves-vs-40-rugby-1/
why-does-super-rugby-pacific-have-12-rugby-1,Why does Super Rugby Pacific have 12?,rugby,411,https://nextclip.example/sports/other/explainers/why-does-super-rugby-pacific-have-12-rugby-1/
why-does-the-22m-drop-out-exist-in-rugby-rugby,Why does the 22m drop-out exist in rugby?,rugby,408,https://nextclip.example/sports/other/explainers/why-does-the-22m-drop-out-exist-in-rugby-rugby/
why-does-the-haka-happen-before-all-blacks-games-rugby-1,Why does the haka happen before All Blacks games?,rugby,433,https://nextclip.example/sports/other/explainers/why-does-the-haka-happen-before-all-blacks-games-rugby-1/
why-does-the-rugby-championship-have-4-teams-rugby,Why does the Rugby Championship have 4 teams?,rugby,408,https://nextclip.example/sports/other/explainers/why-does-the-rugby-championship-have-4-teams-rugby/
why-does-top-14-have-14-wealthy-clubs-rugby-1,Why does Top 14 have 14 wealthy clubs?,rugby,422,https://nextclip.example/sports/other/explainers/why-does-top-14-have-14-wealthy-clubs-rugby-1/
why-does-try-of-the-century-1973-matter-tap-5m-rugby-1,Why does try of the century 1973 matter tap 5m?,rugby,444,https://nextclip.example/sports/other/explainers/why-does-try-of-the-century-1973-matter-tap-5m-rugby-1/
why-does-world-ranking-give-3-points-for-away-win-rugby-1,Why does world ranking give 3 points for away win?,rugby,444,https://nextclip.example/sports/other/explainers/why-does-world-ranking-give-3-points-for-away-win-rugby-1/
why-does-yellow-10-min-vs-red-20-min-since-2024-rugby-1,Why does yellow 10 min vs red 20 min since 2024?,rugby,455,https://nextclip.example/sports/other/explainers/why-does-yellow-10-min-vs-red-20-min-since-2024-rugby-1/
why-is-a-try-worth-5-points-vs-3-for-penalty-rugby-1,Why is a try worth 5 points vs 3 for penalty?,rugby,455,https://nextclip.example/sports/other/explainers/why-is-a-try-worth-5-points-vs-3-for-penalty-rugby-1/
womens-rwc-rugby,What is Women's RWC?,rugby,331,https://nextclip.example/sports/other/explainers/womens-rwc-rugby/
world-ranking-rugby,What is World ranking?,rugby,331,https://nextclip.example/sports/other/explainers/world-ranking-rugby/
yellow-card-history-rugby,What is Yellow card history?,rugby,343,https://nextclip.example/sports/other/explainers/yellow-card-history-rugby/
how-does-swimming-at-the-olympics-work,How does swimming at the Olympics work?,swimming,516,https://nextclip.example/sports/other/explainers/how-does-swimming-at-the-olympics-work/
ace-tennis,What is Ace?,tennis,324,https://nextclip.example/sports/other/explainers/ace-tennis/
atp-finals-tennis,What is ATP Finals?,tennis,334,https://nextclip.example/sports/other/explainers/atp-finals-tennis/
backhand-tennis,What is Backhand?,tennis,324,https://nextclip.example/sports/other/explainers/backhand-tennis/
bagel-tennis,What is Bagel?,tennis,324,https://nextclip.example/sports/other/explainers/bagel-tennis/
bye-tennis,What is Bye?,tennis,324,https://nextclip.example/sports/other/explainers/bye-tennis/
calendar-tennis,What is Calendar?,tennis,324,https://nextclip.example/sports/other/explainers/calendar-tennis/
challenge-system-tennis,What is Challenge system?,tennis,334,https://nextclip.example/sports/other/explainers/challenge-system-tennis/
coaching-rule-tennis,What is Coaching rule?,tennis,334,https://nextclip.example/sports/other/explainers/coaching-rule-tennis/
doubles-tactics-tennis,What is Doubles tactics?,tennis,334,https://nextclip.example/sports/other/explainers/doubles-tactics-tennis/
foot-fault-tennis,What is Foot fault?,tennis,334,https://nextclip.example/sports/other/explainers/foot-fault-tennis/
footwork-tennis,What is Footwork?,tennis,324,https://nextclip.example/sports/other/explainers/footwork-tennis/
forehand-tennis,What is Forehand?,tennis,324,https://nextclip.example/sports/other/explainers/forehand-tennis/
golden-set-tennis,What is Golden set?,tennis,334,https://nextclip.example/sports/other/explainers/golden-set-tennis/
how-does-tennis-seeding-work,How does tennis seeding actually work?,tennis,492,https://nextclip.example/sports/other/explainers/how-does-tennis-seeding-work/
how-does-tennis-tiebreak-work,How does a tennis tiebreak work?,tennis,437,https://nextclip.example/sports/other/explainers/how-does-tennis-tiebreak-work/
how-does-the-atp-ranking-work,How does the ATP ranking actually work?,tennis,486,https://nextclip.example/sports/other/explainers/how-does-the-atp-ranking-work/
how-does-the-french-open-work,How does the French Open work?,tennis,495,https://nextclip.example/sports/other/explainers/how-does-the-french-open-work/
if-a-ball-from-adjacent-court-rolls-in-during-rally-tennis,If a ball from adjacent court rolls in during rally?,tennis,449,https://nextclip.example/sports/other/explainers/if-a-ball-from-adjacent-court-rolls-in-during-rally-tennis/
if-a-ball-hits-a-bird-mid-flight-during-a-rally-tennis,If a ball hits a bird mid-flight during a rally?,tennis,449,https://nextclip.example/sports/other/explainers/if-a-ball-hits-a-bird-mid-flight-during-a-rally-tennis/
if-a-double-bounce-is-missed-by-umpire-and-hawk-eye-shows-it-tenn,If a double-bounce is missed by umpire and Hawk-Eye shows it?,tennis,458,https://nextclip.example/sports/other/explainers/if-a-double-bounce-is-missed-by-umpire-and-hawk-eye-shows-it-tenn/
if-a-let-cord-replay-is-missed-and-ball-was-in-tennis,If a let cord replay is missed and ball was in?,tennis,458,https://nextclip.example/sports/other/explainers/if-a-let-cord-replay-is-missed-and-ball-was-in-tennis/
if-a-let-is-called-after-the-ball-already-landed-out-tennis,If a let is called after the ball already landed out?,tennis,458,https://nextclip.example/sports/other/explainers/if-a-let-is-called-after-the-ball-already-landed-out-tennis/
if-a-medical-timeout-is-called-while-ball-is-in-play-tennis,If a medical timeout is called while ball is in play?,tennis,458,https://nextclip.example/sports/other/explainers/if-a-medical-timeout-is-called-while-ball-is-in-play-tennis/
if-a-player-catches-the-ball-before-it-bounces-does-he-lose--tenn,"If a player catches the ball before it bounces, does he lose point?",tennis,476,https://nextclip.example/sports/other/explainers/if-a-player-catches-the-ball-before-it-bounces-does-he-lose--tenn/
if-a-player-challenges-after-8-seconds-not-immediately-is-it-tenn,"If a player challenges after 8 seconds not immediately, is it lost?",tennis,467,https://nextclip.example/sports/other/explainers/if-a-player-challenges-after-8-seconds-not-immediately-is-it-tenn/
if-a-player-double-hits-deliberately-with-two-swings-tennis,If a player double-hits deliberately with two swings?,tennis,431,https://nextclip.example/sports/other/explainers/if-a-player-double-hits-deliberately-with-two-swings-tennis/
if-a-player-grunts-so-loud-opponent-cant-hear-bounce-tennis,If a player grunts so loud opponent can't hear bounce?,tennis,449,https://nextclip.example/sports/other/explainers/if-a-player-grunts-so-loud-opponent-cant-hear-bounce-tennis/
if-a-player-hits-around-the-net-post-legally-on-match-point-tenni,If a player hits around the net post legally on match point?,tennis,467,https://nextclip.example/sports/other/explainers/if-a-player-hits-around-the-net-post-legally-on-match-point-tenni/
if-a-player-hits-ball-after-it-bounced-twice-does-opponent-w-tenn,"If a player hits ball after it bounced twice, does opponent win point?",tennis,476,https://nextclip.example/sports/other/explainers/if-a-player-hits-ball-after-it-bounced-twice-does-opponent-w-tenn/
if-a-player-hits-ball-before-it-crosses-net-tennis,If a player hits ball before it crosses net?,tennis,440,https://nextclip.example/sports/other/explainers/if-a-player-hits-ball-before-it-crosses-net-tennis/
if-a-player-is-injured-as-ball-is-flying-over-is-it-let-tennis,"If a player is injured as ball is flying over, is it let?",tennis,476,https://nextclip.example/sports/other/explainers/if-a-player-is-injured-as-ball-is-flying-over-is-it-let-tennis/
if-a-player-serves-after-the-serve-clock-hits-zero-tennis,If a player serves after the serve clock hits zero?,tennis,449,https://nextclip.example/sports/other/explainers/if-a-player-serves-after-the-serve-clock-hits-zero-tennis/
if-a-player-serves-underarm-on-match-point-and-wins-is-it-al-tenn,"If a player serves underarm on match point and wins, is it allowed?",tennis,476,https://nextclip.example/sports/other/explainers/if-a-player-serves-underarm-on-match-point-and-wins-is-it-al-tenn/
if-a-player-serves-with-foot-over-line-on-match-point-tennis,If a player serves with foot over line on match point?,tennis,458,https://nextclip.example/sports/other/explainers/if-a-player-serves-with-foot-over-line-on-match-point-tennis/
if-a-player-shouts-mid-point-and-opponent-misses-tennis,If a player shouts mid-point and opponent misses?,tennis,431,https://nextclip.example/sports/other/explainers/if-a-player-shouts-mid-point-and-opponent-misses-tennis/
if-a-player-touches-opponents-court-during-point-while-ball--tenn,If a player touches opponent's court during point while ball in air?,tennis,467,https://nextclip.example/sports/other/explainers/if-a-player-touches-opponents-court-during-point-while-ball--tenn/
if-a-player-touches-the-net-while-ball-is-still-in-air-tennis,If a player touches the net while ball is still in air?,tennis,467,https://nextclip.example/sports/other/explainers/if-a-player-touches-the-net-while-ball-is-still-in-air-tennis/
if-a-players-hat-falls-off-during-the-point-and-touches-net-tenni,If a player's hat falls off during the point and touches net?,tennis,467,https://nextclip.example/sports/other/explainers/if-a-players-hat-falls-off-during-the-point-and-touches-net-tenni/
if-a-players-phone-rings-as-opponent-hits-winner-tennis,If a player's phone rings as opponent hits winner?,tennis,440,https://nextclip.example/sports/other/explainers/if-a-players-phone-rings-as-opponent-hits-winner-tennis/
if-a-racket-strings-break-at-impact-and-ball-still-goes-in-tennis,If a racket strings break at impact and ball still goes in?,tennis,467,https://nextclip.example/sports/other/explainers/if-a-racket-strings-break-at-impact-and-ball-still-goes-in-tennis/
if-a-serve-hits-the-net-cord-and-dribbles-over-on-match-poin-tenn,If a serve hits the net cord and dribbles over on match point?,tennis,476,https://nextclip.example/sports/other/explainers/if-a-serve-hits-the-net-cord-and-dribbles-over-on-match-poin-tenn/
if-a-serve-is-in-but-receiver-wasnt-ready-tennis,If a serve is in but receiver wasn't ready?,tennis,440,https://nextclip.example/sports/other/explainers/if-a-serve-is-in-but-receiver-wasnt-ready-tennis/
if-hawk-eye-fails-at-340fps-on-match-point-what-happens-tennis,"If Hawk-Eye fails at 340fps on match point, what happens?",tennis,449,https://nextclip.example/sports/other/explainers/if-hawk-eye-fails-at-340fps-on-match-point-what-happens-tennis/
if-the-ball-breaks-open-mid-rally-tennis,If the ball breaks open mid-rally?,tennis,413,https://nextclip.example/sports/other/explainers/if-the-ball-breaks-open-mid-rally-tennis/
if-the-ball-goes-in-off-the-net-post-and-lands-in-tennis,If the ball goes in off the net post and lands in?,tennis,467,https://nextclip.example/sports/other/explainers/if-the-ball-goes-in-off-the-net-post-and-lands-in-tennis/
if-the-ball-goes-through-the-net-tennis,If the ball goes through the net?,tennis,422,https://nextclip.example/sports/other/explainers/if-the-ball-goes-through-the-net-tennis/
if-the-ball-hits-a-line-judge-and-deflects-in-tennis,If the ball hits a line judge and deflects in?,tennis,449,https://nextclip.example/sports/other/explainers/if-the-ball-hits-a-line-judge-and-deflects-in-tennis/
if-the-ball-hits-the-singles-stick-and-goes-in-tennis,If the ball hits the singles stick and goes in?,tennis,449,https://nextclip.example/sports/other/explainers/if-the-ball-hits-the-singles-stick-and-goes-in-tennis/
if-the-ball-hits-the-umpires-chair-and-lands-in-tennis,If the ball hits the umpire's chair and lands in?,tennis,449,https://nextclip.example/sports/other/explainers/if-the-ball-hits-the-umpires-chair-and-lands-in-tennis/
if-the-ball-is-still-bouncing-when-time-is-called-in-tennis--tenn,"If the ball is still bouncing when time is called in tennis (no clock), does it count?",tennis,512,https://nextclip.example/sports/other/explainers/if-the-ball-is-still-bouncing-when-time-is-called-in-tennis--tenn/
if-the-ball-is-still-in-air-when-umpire-overrules-incorrectl-tenn,If the ball is still in air when umpire overrules incorrectly?,tennis,458,https://nextclip.example/sports/other/explainers/if-the-ball-is-still-in-air-when-umpire-overrules-incorrectl-tenn/
if-the-ball-is-still-rising-when-opponent-calls-out-incorrec-tenn,If the ball is still rising when opponent calls out incorrectly?,tennis,458,https://nextclip.example/sports/other/explainers/if-the-ball-is-still-rising-when-opponent-calls-out-incorrec-tenn/
if-the-ball-is-still-spinning-on-net-cord-when-time-expires--tenn,If the ball is still spinning on net cord when time expires in tiebreak?,tennis,485,https://nextclip.example/sports/other/explainers/if-the-ball-is-still-spinning-on-net-cord-when-time-expires--tenn/
if-the-ball-lands-1mm-out-but-line-judge-calls-in-can-hawk-e-tenn,"If the ball lands 1mm out but line judge calls in, can Hawk-Eye overturn after next point?",tennis,512,https://nextclip.example/sports/other/explainers/if-the-ball-lands-1mm-out-but-line-judge-calls-in-can-hawk-e-tenn/
if-the-ball-lands-on-the-baseline-10cm-slide-on-clay-vs-0-8m-tenn,"If the ball lands on the baseline 10cm slide on clay vs 0.8mm grass, is it in?",tennis,512,https://nextclip.example/sports/other/explainers/if-the-ball-lands-on-the-baseline-10cm-slide-on-clay-vs-0-8m-tenn/
if-the-ball-lands-on-the-line-2-6mm-in-at-120mph-is-it-in-tennis,"If the ball lands on the line 2.6mm in at 120mph, is it in?",tennis,485,https://nextclip.example/sports/other/explainers/if-the-ball-lands-on-the-line-2-6mm-in-at-120mph-is-it-in-tennis/
if-the-crowd-yells-fault-and-player-stops-does-point-replay-tenni,"If the crowd yells fault and player stops, does point replay?",tennis,458,https://nextclip.example/sports/other/explainers/if-the-crowd-yells-fault-and-player-stops-does-point-replay-tenni/
if-the-net-height-is-1-07m-but-sags-1cm-mid-match-does-it-ma-tenn,"If the net height is 1.07m but sags 1cm mid-match, does it matter?",tennis,476,https://nextclip.example/sports/other/explainers/if-the-net-height-is-1-07m-but-sags-1cm-mid-match-does-it-ma-tenn/
if-the-roof-closes-mid-point-due-to-rain-tennis,If the roof closes mid-point due to rain?,tennis,431,https://nextclip.example/sports/other/explainers/if-the-roof-closes-mid-point-due-to-rain-tennis/
if-the-serve-clock-shows-0-but-umpire-allowed-26-seconds-tennis,If the serve clock shows 0 but umpire allowed 26 seconds?,tennis,458,https://nextclip.example/sports/other/explainers/if-the-serve-clock-shows-0-but-umpire-allowed-26-seconds-tennis/
if-the-time-between-points-exceeds-25-seconds-but-umpire-did-tenn,If the time between points exceeds 25 seconds but umpire didn't call?,tennis,467,https://nextclip.example/sports/other/explainers/if-the-time-between-points-exceeds-25-seconds-but-umpire-did-tenn/
injury-timeout-tennis,What is Injury timeout?,tennis,334,https://nextclip.example/sports/other/explainers/injury-timeout-tennis/
let-rule-tennis,What is Let rule?,tennis,334,https://nextclip.example/sports/other/explainers/let-rule-tennis/
line-call-tennis,What is Line call?,tennis,334,https://nextclip.example/sports/other/explainers/line-call-tennis/
live-ranking-tennis,What is Live ranking?,tennis,334,https://nextclip.example/sports/other/explainers/live-ranking-tennis/
lucky-loser-tennis,What is Lucky loser?,tennis,334,https://nextclip.example/sports/other/explainers/lucky-loser-tennis/
mixed-doubles-tennis,What is Mixed doubles?,tennis,334,https://nextclip.example/sports/other/explainers/mixed-doubles-tennis/
net-cord-tennis,What is Net cord?,tennis,334,https://nextclip.example/sports/other/explainers/net-cord-tennis/
next-gen-finals-tennis,What is Next Gen Finals?,tennis,344,https://nextclip.example/sports/other/explainers/next-gen-finals-tennis/
prize-money-tennis,What is Prize money?,tennis,334,https://nextclip.example/sports/other/explainers/prize-money-tennis/
protected-ranking-tennis,What is Protected ranking?,tennis,334,https://nextclip.example/sports/other/explainers/protected-ranking-tennis/
qualifying-tennis,What is Qualifying?,tennis,324,https://nextclip.example/sports/other/explainers/qualifying-tennis/
racket-tech-tennis,What is Racket tech?,tennis,334,https://nextclip.example/sports/other/explainers/racket-tech-tennis/
ranking-points-tennis,What is Ranking points?,tennis,334,https://nextclip.example/sports/other/explainers/ranking-points-tennis/
return-tennis,What is Return?,tennis,324,https://nextclip.example/sports/other/explainers/return-tennis/
serve-clock-tennis,What is Serve clock?,tennis,334,https://nextclip.example/sports/other/explainers/serve-clock-tennis/
serve-technique-tennis,What is Serve technique?,tennis,334,https://nextclip.example/sports/other/explainers/serve-technique-tennis/
slam-record-tennis,What is Slam record?,tennis,334,https://nextclip.example/sports/other/explainers/slam-record-tennis/
slice-tennis,What is Slice?,tennis,324,https://nextclip.example/sports/other/explainers/slice-tennis/
string-tension-tennis,What is String tension?,tennis,334,https://nextclip.example/sports/other/explainers/string-tension-tennis/
string-types-tennis,What is String types?,tennis,334,https://nextclip.example/sports/other/explainers/string-types-tennis/
topspin-tennis,What is Topspin?,tennis,324,https://nextclip.example/sports/other/explainers/topspin-tennis/
umpire-tennis,What is Umpire?,tennis,324,https://nextclip.example/sports/other/explainers/umpire-tennis/
us-open-tennis,What is US Open?,tennis,334,https://nextclip.example/sports/other/explainers/us-open-tennis/
volley-tennis,What is Volley?,tennis,324,https://nextclip.example/sports/other/explainers/volley-tennis/
what-are-the-four-grand-slams,What are the four Grand Slams in tennis?,tennis,451,https://nextclip.example/sports/other/explainers/what-are-the-four-grand-slams/
what-is-the-australian-open,What is the Australian Open?,tennis,503,https://nextclip.example/sports/other/explainers/what-is-the-australian-open/
what-is-the-davis-cup-and-billie-jean-king-cup,What are the Davis Cup and Billie Jean King Cup?,tennis,426,https://nextclip.example/sports/other/explainers/what-is-the-davis-cup-and-billie-jean-king-cup/
what-is-wimbledon-and-how-does-it-work,What is Wimbledon and how does it work?,tennis,480,https://nextclip.example/sports/other/explainers/what-is-wimbledon-and-how-does-it-work/
why-do-5-set-matches-last-5-hours-tennis-1,Why do 5-set matches last 5 hours?,tennis,404,https://nextclip.example/sports/other/explainers/why-do-5-set-matches-last-5-hours-tennis-1/
why-do-bagels-6-0-still-happen-at-pro-level-tennis-1,Why do bagels 6-0 still happen at pro level?,tennis,422,https://nextclip.example/sports/other/explainers/why-do-bagels-6-0-still-happen-at-pro-level-tennis-1/
why-do-doubles-use-no-ad-scoring-tennis-1,Why do doubles use no-ad scoring?,tennis,395,https://nextclip.example/sports/other/explainers/why-do-doubles-use-no-ad-scoring-tennis-1/
why-do-foot-faults-get-called-tennis-1,Why do foot faults get called?,tennis,395,https://nextclip.example/sports/other/explainers/why-do-foot-faults-get-called-tennis-1/
why-do-grand-slams-have-128-players-tennis-1,Why do Grand Slams have 128 players?,tennis,404,https://nextclip.example/sports/other/explainers/why-do-grand-slams-have-128-players-tennis-1/
why-do-indian-wells-and-miami-last-2-weeks-tennis-1,Why do Indian Wells and Miami last 2 weeks?,tennis,422,https://nextclip.example/sports/other/explainers/why-do-indian-wells-and-miami-last-2-weeks-tennis-1/
why-do-live-rankings-shift-during-tournaments-tennis-1,Why do live rankings shift during tournaments?,tennis,404,https://nextclip.example/sports/other/explainers/why-do-live-rankings-shift-during-tournaments-tennis-1/
why-do-lucky-losers-get-into-main-draw-tennis-1,Why do lucky losers get into main draw?,tennis,413,https://nextclip.example/sports/other/explainers/why-do-lucky-losers-get-into-main-draw-tennis-1/
why-do-next-gen-play-with-no-let-and-shorter-sets-tennis-1,Why do next-gen play with no let and shorter sets?,tennis,431,https://nextclip.example/sports/other/explainers/why-do-next-gen-play-with-no-let-and-shorter-sets-tennis-1/
why-do-players-challenge-hawk-eye-calls-tennis-1,Why do players challenge Hawk-Eye calls?,tennis,395,https://nextclip.example/sports/other/explainers/why-do-players-challenge-hawk-eye-calls-tennis-1/
why-do-players-get-banned-for-gambling-in-tennis-tennis-1,Why do players get banned for gambling in tennis?,tennis,422,https://nextclip.example/sports/other/explainers/why-do-players-get-banned-for-gambling-in-tennis-tennis-1/
why-do-players-get-bans-for-whereabouts-failures-tennis-1,Why do players get bans for whereabouts failures?,tennis,413,https://nextclip.example/sports/other/explainers/why-do-players-get-bans-for-whereabouts-failures-tennis-1/
why-do-players-get-defaulted-for-hitting-lines-jud-tennis-1,Why do players get defaulted for hitting lines judges?,tennis,422,https://nextclip.example/sports/other/explainers/why-do-players-get-defaulted-for-hitting-lines-jud-tennis-1/
why-do-players-get-fined-for-breaking-rackets-tennis-1,Why do players get fined for breaking rackets?,tennis,413,https://nextclip.example/sports/other/explainers/why-do-players-get-fined-for-breaking-rackets-tennis-1/
why-do-players-get-walkovers-vs-retirements-tennis-1,Why do players get walkovers vs retirements?,tennis,404,https://nextclip.example/sports/other/explainers/why-do-players-get-walkovers-vs-retirements-tennis-1/
why-do-players-grunt-loudly-tennis-1,Why do players grunt loudly?,tennis,386,https://nextclip.example/sports/other/explainers/why-do-players-grunt-loudly-tennis-1/
why-do-players-take-medical-timeouts-tennis-1,Why do players take medical timeouts?,tennis,395,https://nextclip.example/sports/other/explainers/why-do-players-take-medical-timeouts-tennis-1/
why-do-protected-rankings-exist-after-injury-tennis-1,Why do protected rankings exist after injury?,tennis,404,https://nextclip.example/sports/other/explainers/why-do-protected-rankings-exist-after-injury-tennis-1/
why-do-qualifiers-need-3-wins-to-enter-slams-tennis-1,Why do qualifiers need 3 wins to enter Slams?,tennis,422,https://nextclip.example/sports/other/explainers/why-do-qualifiers-need-3-wins-to-enter-slams-tennis-1/
why-do-rackets-have-98-sq-in-heads-vs-90-tennis-1,Why do rackets have 98 sq-in heads vs 90?,tennis,422,https://nextclip.example/sports/other/explainers/why-do-rackets-have-98-sq-in-heads-vs-90-tennis-1/
why-do-rankings-change-every-monday-tennis-1,Why do rankings change every Monday?,tennis,395,https://nextclip.example/sports/other/explainers/why-do-rankings-change-every-monday-tennis-1/
why-do-seeds-matter-32-of-128-tennis-1,Why do seeds matter 32 of 128?,tennis,404,https://nextclip.example/sports/other/explainers/why-do-seeds-matter-32-of-128-tennis-1/
why-do-serves-go-120mph-flat-vs-95-kick-tennis-1,Why do serves go 120mph flat vs 95 kick?,tennis,422,https://nextclip.example/sports/other/explainers/why-do-serves-go-120mph-flat-vs-95-kick-tennis-1/
why-do-teams-get-banned-in-billie-jean-king-cup-tennis-1,Why do teams get banned in Billie Jean King Cup?,tennis,431,https://nextclip.example/sports/other/explainers/why-do-teams-get-banned-in-billie-jean-king-cup-tennis-1/
why-do-teams-get-banned-in-davis-cup-tennis-1,Why do teams get banned in Davis Cup?,tennis,413,https://nextclip.example/sports/other/explainers/why-do-teams-get-banned-in-davis-cup-tennis-1/
why-do-tennis-balls-get-changed-every-9-games-tennis-1,Why do tennis balls get changed every 9 games?,tennis,422,https://nextclip.example/sports/other/explainers/why-do-tennis-balls-get-changed-every-9-games-tennis-1/
why-do-tennis-courts-have-different-surfaces-tennis-1,Why do tennis courts have different surfaces?,tennis,404,https://nextclip.example/sports/other/explainers/why-do-tennis-courts-have-different-surfaces-tennis-1/
why-do-tennis-olympics-need-4-year-cycle-tennis-1,Why do tennis olympics need 4-year cycle?,tennis,404,https://nextclip.example/sports/other/explainers/why-do-tennis-olympics-need-4-year-cycle-tennis-1/
why-do-tennis-players-challenge-with-hawkeye,Why do tennis players challenge with Hawk-Eye?,tennis,444,https://nextclip.example/sports/other/explainers/why-do-tennis-players-challenge-with-hawkeye/
why-do-tennis-players-get-banned-for-doping-or-mat-tennis-1,Why do tennis players get banned for doping or match fixing?,tennis,440,https://nextclip.example/sports/other/explainers/why-do-tennis-players-get-banned-for-doping-or-mat-tennis-1/
why-do-tennis-teams-get-banned-for-government-inte-tennis-1,Why do tennis teams get banned for government interference?,tennis,422,https://nextclip.example/sports/other/explainers/why-do-tennis-teams-get-banned-for-government-inte-tennis-1/
why-do-umpires-overrule-line-calls-tennis-1,Why do umpires overrule line calls?,tennis,395,https://nextclip.example/sports/other/explainers/why-do-umpires-overrule-line-calls-tennis-1/
why-do-women-play-best-of-3-vs-men-best-of-5-at-sl-tennis-1,Why do women play best of 3 vs men best of 5 at Slams?,tennis,467,https://nextclip.example/sports/other/explainers/why-do-women-play-best-of-3-vs-men-best-of-5-at-sl-tennis-1/
why-does-the-atp-finals-have-round-robin-tennis-1,Why does the ATP Finals have round robin?,tennis,413,https://nextclip.example/sports/other/explainers/why-does-the-atp-finals-have-round-robin-tennis-1/
why-does-the-calendar-have-9-masters-tennis-1,Why does the calendar have 9 Masters?,tennis,404,https://nextclip.example/sports/other/explainers/why-does-the-calendar-have-9-masters-tennis-1/
why-does-wimbledon-require-white-clothing-tennis-1,Why does Wimbledon require white clothing?,tennis,395,https://nextclip.example/sports/other/explainers/why-does-wimbledon-require-white-clothing-tennis-1/
why-is-clay-slower-than-grass-tennis-1,Why is clay slower than grass?,tennis,395,https://nextclip.example/sports/other/explainers/why-is-clay-slower-than-grass-tennis-1/
why-is-coaching-allowed-from-2022-onward-tennis-1,Why is coaching allowed from 2022 onward?,tennis,404,https://nextclip.example/sports/other/explainers/why-is-coaching-allowed-from-2022-onward-tennis-1/
why-is-prize-money-equal-at-slams-now-tennis-1,Why is prize money equal at Slams now?,tennis,413,https://nextclip.example/sports/other/explainers/why-is-prize-money-equal-at-slams-now-tennis-1/
why-is-string-tension-22-27-kg-tennis-1,Why is string tension 22-27 kg?,tennis,395,https://nextclip.example/sports/other/explainers/why-is-string-tension-22-27-kg-tennis-1/
why-is-tennis-on-clay-grass-and-hard-different,"Why is tennis different on clay, grass and hard?",tennis,468,https://nextclip.example/sports/other/explainers/why-is-tennis-on-clay-grass-and-hard-different/
why-is-tennis-scored-15-30-40-tennis-1,"Why is tennis scored 15, 30, 40?",tennis,404,https://nextclip.example/sports/other/explainers/why-is-tennis-scored-15-30-40-tennis-1/
why-is-the-1-07m-net-vs-1-06-at-posts-tennis-1,Why is the 1.07m net vs 1.06 at posts?,tennis,422,https://nextclip.example/sports/other/explainers/why-is-the-1-07m-net-vs-1-06-at-posts-tennis-1/
why-is-the-10-point-tiebreak-decisive-for-slams-tennis-1,Why is the 10-point tiebreak decisive for Slams?,tennis,413,https://nextclip.example/sports/other/explainers/why-is-the-10-point-tiebreak-decisive-for-slams-tennis-1/
why-is-the-25-second-serve-clock-enforced-tennis-1,Why is the 25-second serve clock enforced?,tennis,404,https://nextclip.example/sports/other/explainers/why-is-the-25-second-serve-clock-enforced-tennis-1/
why-is-the-davis-cup-group-stage-confusing-tennis-1,Why is the Davis Cup group stage confusing?,tennis,413,https://nextclip.example/sports/other/explainers/why-is-the-davis-cup-group-stage-confusing-tennis-1/
why-is-the-golden-set-24-0-so-rare-tennis-1,Why is the golden set 24-0 so rare?,tennis,413,https://nextclip.example/sports/other/explainers/why-is-the-golden-set-24-0-so-rare-tennis-1/
why-is-the-let-on-serve-sometimes-replayed-tennis-1,Why is the let on serve sometimes replayed?,tennis,413,https://nextclip.example/sports/other/explainers/why-is-the-let-on-serve-sometimes-replayed-tennis-1/
why-is-the-net-cord-1-07m-high-tennis-1,Why is the net cord 1.07m high?,tennis,404,https://nextclip.example/sports/other/explainers/why-is-the-net-cord-1-07m-high-tennis-1/
why-is-the-serve-so-dominant-in-tennis-tennis-1,Why is the serve so dominant in tennis?,tennis,413,https://nextclip.example/sports/other/explainers/why-is-the-serve-so-dominant-in-tennis-tennis-1/
why-is-the-super-tiebreak-10-points-in-final-sets-tennis-1,Why is the super tiebreak 10 points in final sets?,tennis,431,https://nextclip.example/sports/other/explainers/why-is-the-super-tiebreak-10-points-in-final-sets-tennis-1/
why-is-there-a-tiebreak-at-6-6-tennis-1,Why is there a tiebreak at 6-6?,tennis,404,https://nextclip.example/sports/other/explainers/why-is-there-a-tiebreak-at-6-6-tennis-1/
womens-tour-tennis,What is Women's tour?,tennis,334,https://nextclip.example/sports/other/explainers/womens-tour-tennis/
wooden-era-tennis,What is Wooden era?,tennis,334,https://nextclip.example/sports/other/explainers/wooden-era-tennis/
wta-ranking-tennis,What is WTA ranking?,tennis,334,https://nextclip.example/sports/other/explainers/wta-ranking-tennis/
