slug,question,sport,words,url
if-a-4x400m-baton-is-still-in-hand-when-zone-ends-athletics,If a 4x400m baton is still in hand when zone ends?,athletics,528,https://nextclip.example/sports/other/explainers/if-a-4x400m-baton-is-still-in-hand-when-zone-ends-athletics/
if-a-decathlon-1500m-runner-is-still-running-when-scoring-ta-athl,If a decathlon 1500m runner is still running when scoring table closes?,athletics,539,https://nextclip.example/sports/other/explainers/if-a-decathlon-1500m-runner-is-still-running-when-scoring-ta-athl/
if-a-discus-is-still-airborne-when-the-circle-foul-is-called-athl,If a discus is still airborne when the circle foul is called?,athletics,539,https://nextclip.example/sports/other/explainers/if-a-discus-is-still-airborne-when-the-circle-foul-is-called-athl/
if-a-discus-is-still-spinning-in-the-air-as-the-stadium-cloc-athl,"If a discus is still spinning in the air as the stadium clock hits zero, does the measurement count?",athletics,616,https://nextclip.example/sports/other/explainers/if-a-discus-is-still-spinning-in-the-air-as-the-stadium-cloc-athl/
if-a-discus-lands-as-the-sector-judges-flag-is-already-up-fo-athl,If a discus lands as the sector judge's flag is already up for foul?,athletics,561,https://nextclip.example/sports/other/explainers/if-a-discus-lands-as-the-sector-judges-flag-is-already-up-fo-athl/
if-a-hammer-is-thrown-with-2mm-over-circle-but-still-in-air-athle,If a hammer is thrown with 2mm over circle but still in air?,athletics,550,https://nextclip.example/sports/other/explainers/if-a-hammer-is-thrown-with-2mm-over-circle-but-still-in-air-athle/
if-a-hammers-wire-breaks-mid-flight-athletics,If a hammer's wire breaks mid-flight?,athletics,473,https://nextclip.example/sports/other/explainers/if-a-hammers-wire-breaks-mid-flight-athletics/
if-a-high-jump-attempt-is-still-being-judged-when-next-jumpe-athl,If a high jump attempt is still being judged when next jumper starts?,athletics,550,https://nextclip.example/sports/other/explainers/if-a-high-jump-attempt-is-still-being-judged-when-next-jumpe-athl/
if-a-high-jumper-clears-but-bar-falls-2-seconds-later-is-it--athl,"If a high jumper clears but bar falls 2 seconds later, is it foul?",athletics,561,https://nextclip.example/sports/other/explainers/if-a-high-jumper-clears-but-bar-falls-2-seconds-later-is-it--athl/
if-a-high-jumper-is-still-over-the-bar-when-the-time-expires-athl,If a high jumper is still over the bar when the time expires?,athletics,550,https://nextclip.example/sports/other/explainers/if-a-high-jumper-is-still-over-the-bar-when-the-time-expires-athl/
if-a-javelin-is-released-after-the-time-expires-vs-before-li-athl,If a javelin is released after the time expires vs before like football's whistle?,athletics,561,https://nextclip.example/sports/other/explainers/if-a-javelin-is-released-after-the-time-expires-vs-before-li-athl/
if-a-javelin-is-still-in-the-air-when-the-field-clock-hits-z-athl,"If a javelin is still in the air when the field clock hits zero, does the throw count?",athletics,605,https://nextclip.example/sports/other/explainers/if-a-javelin-is-still-in-the-air-when-the-field-clock-hits-z-athl/
if-a-javelin-tip-lands-1cm-beyond-90m-line-while-tail-still--athl,If a javelin tip lands 1cm beyond 90m line while tail still airborne?,athletics,550,https://nextclip.example/sports/other/explainers/if-a-javelin-tip-lands-1cm-beyond-90m-line-while-tail-still--athl/
if-a-jumpers-hair-touches-bar-after-clearance-as-ball-is-sti-athl,If a jumper's hair touches bar after clearance as ball is still on bar?,athletics,561,https://nextclip.example/sports/other/explainers/if-a-jumpers-hair-touches-bar-after-clearance-as-ball-is-sti-athl/
if-a-long-jump-board-is-1-22m-but-foot-1mm-over-plasticine-w-athl,If a long jump board is 1.22m but foot 1mm over plasticine with jump still in air?,athletics,594,https://nextclip.example/sports/other/explainers/if-a-long-jump-board-is-1-22m-but-foot-1mm-over-plasticine-w-athl/
if-a-long-jump-is-measured-8-95-but-wind-2-1-is-it-record-athleti,"If a long jump is measured 8.95 but wind +2.1, is it record?",athletics,550,https://nextclip.example/sports/other/explainers/if-a-long-jump-is-measured-8-95-but-wind-2-1-is-it-record-athleti/
if-a-long-jumpers-foot-is-1mm-over-plasticine-but-jump-still-athl,If a long jumper's foot is 1mm over plasticine but jump still in air?,athletics,561,https://nextclip.example/sports/other/explainers/if-a-long-jumpers-foot-is-1mm-over-plasticine-but-jump-still-athl/
if-a-pole-vault-bar-is-dislodged-by-wind-vs-athlete-after-cl-athl,If a pole vault bar is dislodged by wind vs athlete after clearance?,athletics,550,https://nextclip.example/sports/other/explainers/if-a-pole-vault-bar-is-dislodged-by-wind-vs-athlete-after-cl-athl/
if-a-race-is-stopped-while-a-throw-is-in-flight-due-to-prote-athl,If a race is stopped while a throw is in flight due to protest?,athletics,561,https://nextclip.example/sports/other/explainers/if-a-race-is-stopped-while-a-throw-is-in-flight-due-to-prote-athl/
if-a-race-walker-is-still-airborne-0-02-sec-when-judge-calls-athl,If a race walker is still airborne 0.02 sec when judge calls lifting?,athletics,550,https://nextclip.example/sports/other/explainers/if-a-race-walker-is-still-airborne-0-02-sec-when-judge-calls-athl/
if-a-race-walkers-knee-is-still-bent-at-contact-0-01-after-c-athl,If a race walker's knee is still bent at contact 0.01 after call?,athletics,550,https://nextclip.example/sports/other/explainers/if-a-race-walkers-knee-is-still-bent-at-contact-0-01-after-c-athl/
if-a-relay-baton-is-dropped-but-still-rolling-into-the-zone-athle,If a relay baton is dropped but still rolling into the zone?,athletics,539,https://nextclip.example/sports/other/explainers/if-a-relay-baton-is-dropped-but-still-rolling-into-the-zone-athle/
if-a-relay-exchange-is-made-1cm-outside-zone-with-baton-stil-athl,If a relay exchange is made 1cm outside zone with baton still in air?,athletics,561,https://nextclip.example/sports/other/explainers/if-a-relay-exchange-is-made-1cm-outside-zone-with-baton-stil-athl/
if-a-relay-team-is-still-exchanging-as-the-track-time-expire-athl,If a relay team is still exchanging as the track time expires?,athletics,539,https://nextclip.example/sports/other/explainers/if-a-relay-team-is-still-exchanging-as-the-track-time-expire-athl/
if-a-runner-is-still-on-track-when-infield-throw-lands-near-athle,If a runner is still on track when infield throw lands near?,athletics,539,https://nextclip.example/sports/other/explainers/if-a-runner-is-still-on-track-when-infield-throw-lands-near-athle/
if-a-runner-stumbles-and-knocks-a-hurdle-as-ball-is-still-ov-athl,If a runner stumbles and knocks a hurdle as ball is still over bar?,athletics,561,https://nextclip.example/sports/other/explainers/if-a-runner-stumbles-and-knocks-a-hurdle-as-ball-is-still-ov-athl/
if-a-shot-is-still-rolling-after-landing-when-time-expires-athlet,If a shot is still rolling after landing when time expires?,athletics,528,https://nextclip.example/sports/other/explainers/if-a-shot-is-still-rolling-after-landing-when-time-expires-athlet/
if-a-shot-lands-on-the-circle-edge-2-135m-still-rolling-athletics,If a shot lands on the circle edge 2.135m still rolling?,athletics,528,https://nextclip.example/sports/other/explainers/if-a-shot-lands-on-the-circle-edge-2-135m-still-rolling-athletics/
if-a-shot-put-is-released-with-foot-on-circle-edge-at-0-00-athlet,If a shot put is released with foot on circle edge at 0.00?,athletics,550,https://nextclip.example/sports/other/explainers/if-a-shot-put-is-released-with-foot-on-circle-edge-at-0-00-athlet/
if-a-sprinter-is-mid-stride-when-the-false-start-gun-fires-0-athl,If a sprinter is mid-stride when the false-start gun fires 0.099?,athletics,528,https://nextclip.example/sports/other/explainers/if-a-sprinter-is-mid-stride-when-the-false-start-gun-fires-0-athl/
if-a-sprinters-reaction-is-0-0999-vs-0-100-does-sensor-decid-athl,"If a sprinter's reaction is 0.0999 vs 0.100, does sensor decide?",athletics,528,https://nextclip.example/sports/other/explainers/if-a-sprinters-reaction-is-0-0999-vs-0-100-does-sensor-decid-athl/
if-a-sprinters-torso-is-still-behind-line-at-0-00-photo-1-10-athl,If a sprinter's torso is still behind line at 0.00 photo 1/1000?,athletics,539,https://nextclip.example/sports/other/explainers/if-a-sprinters-torso-is-still-behind-line-at-0-00-photo-1-10-athl/
if-a-throw-hits-the-sector-line-2-6mm-is-it-foul-athletics,"If a throw hits the sector line 2.6mm, is it foul?",athletics,528,https://nextclip.example/sports/other/explainers/if-a-throw-hits-the-sector-line-2-6mm-is-it-foul-athletics/
if-a-throw-is-released-0-01-before-time-but-lands-after-does-athl,"If a throw is released 0.01 before time but lands after, does it count like football's ball in flight?",athletics,616,https://nextclip.example/sports/other/explainers/if-a-throw-is-released-0-01-before-time-but-lands-after-does-athl/
if-a-throw-is-still-in-flight-when-the-venue-horn-for-field--athl,If a throw is still in flight when the venue horn for field closure sounds?,athletics,572,https://nextclip.example/sports/other/explainers/if-a-throw-is-still-in-flight-when-the-venue-horn-for-field--athl/
if-a-throw-lands-1mm-outside-sector-while-still-sliding-athletics,If a throw lands 1mm outside sector while still sliding?,athletics,517,https://nextclip.example/sports/other/explainers/if-a-throw-lands-1mm-outside-sector-while-still-sliding-athletics/
if-the-baton-is-still-in-the-air-during-a-relay-exchange-at--athl,If the baton is still in the air during a relay exchange at the zone edge?,athletics,583,https://nextclip.example/sports/other/explainers/if-the-baton-is-still-in-the-air-during-a-relay-exchange-at--athl/
if-the-hammer-is-still-orbiting-when-the-toe-board-is-touche-athl,If the hammer is still orbiting when the toe board is touched after release?,athletics,561,https://nextclip.example/sports/other/explainers/if-the-hammer-is-still-orbiting-when-the-toe-board-is-touche-athl/
if-the-marathon-clock-hits-zero-while-runner-is-mid-stride-t-athl,If the marathon clock hits zero while runner is mid-stride to line?,athletics,539,https://nextclip.example/sports/other/explainers/if-the-marathon-clock-hits-zero-while-runner-is-mid-stride-t-athl/
if-the-photo-finish-shows-0-001-but-clock-shows-0-01-roundin-athl,"If the photo finish shows 0.001 but clock shows 0.01 rounding, which counts?",athletics,550,https://nextclip.example/sports/other/explainers/if-the-photo-finish-shows-0-001-but-clock-shows-0-01-roundin-athl/
if-the-pole-vault-bar-is-still-wobbling-as-time-expires-is-i-athl,"If the pole vault bar is still wobbling as time expires, is it cleared?",athletics,561,https://nextclip.example/sports/other/explainers/if-the-pole-vault-bar-is-still-wobbling-as-time-expires-is-i-athl/
if-the-steeple-water-splash-is-still-airborne-when-next-runn-athl,If the steeple water splash is still airborne when next runner arrives?,athletics,539,https://nextclip.example/sports/other/explainers/if-the-steeple-water-splash-is-still-airborne-when-next-runn-athl/
if-the-wind-gauge-reads-2-1-vs-2-0-with-throw-still-in-fligh-athl,"If the wind gauge reads +2.1 vs +2.0 with throw still in flight, is it legal?",athletics,583,https://nextclip.example/sports/other/explainers/if-the-wind-gauge-reads-2-1-vs-2-0-with-throw-still-in-fligh-athl/
if-the-wind-reads-2-0-for-9-sec-then-2-2-at-10-sec-with-disc-athl,If the wind reads +2.0 for 9 sec then +2.2 at 10 sec with discus still aloft?,athletics,594,https://nextclip.example/sports/other/explainers/if-the-wind-reads-2-0-for-9-sec-then-2-2-at-10-sec-with-disc-athl/
if-a-3-point-shots-foot-was-on-line-at-0-1-reviewed-after-basketb,"If a 3-point shot's foot was on line at 0.1, reviewed after?",basketball,497,https://nextclip.example/sports/other/explainers/if-a-3-point-shots-foot-was-on-line-at-0-1-reviewed-after-basketb/
if-a-buzzer-beater-is-released-at-0-01-and-goes-in-does-it-c-bask,"If a buzzer-beater is released at 0.01 and goes in, does it count vs 0.00?",basketball,527,https://nextclip.example/sports/other/explainers/if-a-buzzer-beater-is-released-at-0-01-and-goes-in-does-it-c-bask/
if-a-dunk-hangs-on-rim-after-clock-does-basket-count-basketball,"If a dunk hangs on rim after clock, does basket count?",basketball,487,https://nextclip.example/sports/other/explainers/if-a-dunk-hangs-on-rim-after-clock-does-basket-count-basketball/
if-a-free-throw-hits-both-rims-and-goes-in-after-time-basketball,If a free throw hits both rims and goes in after time?,basketball,497,https://nextclip.example/sports/other/explainers/if-a-free-throw-hits-both-rims-and-goes-in-after-time-basketball/
if-a-free-throw-is-still-rolling-on-the-rim-when-time-expire-bask,"If a free throw is still rolling on the rim when time expires, does it count?",basketball,537,https://nextclip.example/sports/other/explainers/if-a-free-throw-is-still-rolling-on-the-rim-when-time-expire-bask/
if-a-pass-is-still-flying-when-quarter-ends-and-then-caught--bask,If a pass is still flying when quarter ends and then caught for dunk?,basketball,517,https://nextclip.example/sports/other/explainers/if-a-pass-is-still-flying-when-quarter-ends-and-then-caught--bask/
if-a-player-catches-own-airball-and-scores-after-buzzer-basketbal,If a player catches own airball and scores after buzzer?,basketball,477,https://nextclip.example/sports/other/explainers/if-a-player-catches-own-airball-and-scores-after-buzzer-basketbal/
if-a-player-scores-after-palming-not-called-basketball,If a player scores after palming not called?,basketball,457,https://nextclip.example/sports/other/explainers/if-a-player-scores-after-palming-not-called-basketball/
if-a-player-scores-after-travelling-not-called-basketball,If a player scores after travelling not called?,basketball,457,https://nextclip.example/sports/other/explainers/if-a-player-scores-after-travelling-not-called-basketball/
if-a-player-scores-with-foot-on-3-point-line-is-it-2-or-3-basketb,"If a player scores with foot on 3-point line, is it 2 or 3?",basketball,517,https://nextclip.example/sports/other/explainers/if-a-player-scores-with-foot-on-3-point-line-is-it-2-or-3-basketb/
if-a-player-throws-ball-off-backboard-to-themselves-as-shot-baske,If a player throws ball off backboard to themselves as shot?,basketball,487,https://nextclip.example/sports/other/explainers/if-a-player-throws-ball-off-backboard-to-themselves-as-shot-baske/
if-a-player-tips-ball-in-after-time-with-0-0-basketball,If a player tips ball in after time with 0.0?,basketball,477,https://nextclip.example/sports/other/explainers/if-a-player-tips-ball-in-after-time-with-0-0-basketball/
if-a-shot-is-blocked-after-the-buzzer-is-it-goaltending-basketbal,"If a shot is blocked after the buzzer, is it goaltending?",basketball,487,https://nextclip.example/sports/other/explainers/if-a-shot-is-blocked-after-the-buzzer-is-it-goaltending-basketbal/
if-a-team-scores-with-6-players-on-court-at-buzzer-basketball,If a team scores with 6 players on court at buzzer?,basketball,487,https://nextclip.example/sports/other/explainers/if-a-team-scores-with-6-players-on-court-at-buzzer-basketball/
if-a-technical-foul-shot-is-still-in-air-when-game-ends-basketbal,If a technical foul shot is still in air when game ends?,basketball,497,https://nextclip.example/sports/other/explainers/if-a-technical-foul-shot-is-still-in-air-when-game-ends-basketbal/
if-overtime-ball-is-still-in-air-when-5-minute-period-ends-basket,If overtime ball is still in air when 5-minute period ends?,basketball,487,https://nextclip.example/sports/other/explainers/if-overtime-ball-is-still-in-air-when-5-minute-period-ends-basket/
if-the-ball-goes-in-after-8-second-backcourt-not-called-basketbal,If the ball goes in after 8-second backcourt not called?,basketball,477,https://nextclip.example/sports/other/explainers/if-the-ball-goes-in-after-8-second-backcourt-not-called-basketbal/
if-the-ball-goes-in-after-bouncing-off-the-referee-basketball,If the ball goes in after bouncing off the referee?,basketball,477,https://nextclip.example/sports/other/explainers/if-the-ball-goes-in-after-bouncing-off-the-referee-basketball/
if-the-ball-goes-in-after-buzzer-but-light-hadnt-lit-basketball,If the ball goes in after buzzer but light hadn't lit?,basketball,487,https://nextclip.example/sports/other/explainers/if-the-ball-goes-in-after-buzzer-but-light-hadnt-lit-basketball/
if-the-ball-goes-in-after-clock-malfunction-0-3-added-basketball,If the ball goes in after clock malfunction 0.3 added?,basketball,477,https://nextclip.example/sports/other/explainers/if-the-ball-goes-in-after-clock-malfunction-0-3-added-basketball/
if-the-ball-goes-in-after-defensive-goaltending-at-buzzer-basketb,If the ball goes in after defensive goaltending at buzzer?,basketball,477,https://nextclip.example/sports/other/explainers/if-the-ball-goes-in-after-defensive-goaltending-at-buzzer-basketb/
if-the-ball-goes-in-after-foul-before-shooting-motion-basketball,If the ball goes in after foul before shooting motion?,basketball,477,https://nextclip.example/sports/other/explainers/if-the-ball-goes-in-after-foul-before-shooting-motion-basketball/
if-the-ball-goes-in-after-inbound-5-second-violation-missed-baske,If the ball goes in after inbound 5-second violation missed?,basketball,477,https://nextclip.example/sports/other/explainers/if-the-ball-goes-in-after-inbound-5-second-violation-missed-baske/
if-the-ball-goes-in-after-offensive-basket-interference-basketbal,If the ball goes in after offensive basket interference?,basketball,467,https://nextclip.example/sports/other/explainers/if-the-ball-goes-in-after-offensive-basket-interference-basketbal/
if-the-ball-goes-in-after-offensive-goaltending-not-called-basket,If the ball goes in after offensive goaltending not called?,basketball,477,https://nextclip.example/sports/other/explainers/if-the-ball-goes-in-after-offensive-goaltending-not-called-basket/
if-the-ball-goes-in-after-scorers-table-horn-stops-play-basketbal,If the ball goes in after scorer's table horn stops play?,basketball,487,https://nextclip.example/sports/other/explainers/if-the-ball-goes-in-after-scorers-table-horn-stops-play-basketbal/
if-the-ball-goes-in-after-shot-clock-reset-error-14-vs-24-basketb,If the ball goes in after shot clock reset error 14 vs 24?,basketball,507,https://nextclip.example/sports/other/explainers/if-the-ball-goes-in-after-shot-clock-reset-error-14-vs-24-basketb/
if-the-ball-goes-in-after-team-called-timeout-at-0-2-basketball,If the ball goes in after team called timeout at 0.2?,basketball,487,https://nextclip.example/sports/other/explainers/if-the-ball-goes-in-after-team-called-timeout-at-0-2-basketball/
if-the-ball-goes-in-after-three-second-violation-missed-basketbal,If the ball goes in after three-second violation missed?,basketball,467,https://nextclip.example/sports/other/explainers/if-the-ball-goes-in-after-three-second-violation-missed-basketbal/
if-the-ball-goes-in-from-a-throw-in-pass-without-dribble-basketba,If the ball goes in from a throw-in pass without dribble?,basketball,487,https://nextclip.example/sports/other/explainers/if-the-ball-goes-in-from-a-throw-in-pass-without-dribble-basketba/
if-the-ball-goes-in-from-behind-backboard-basketball,If the ball goes in from behind backboard?,basketball,457,https://nextclip.example/sports/other/explainers/if-the-ball-goes-in-from-behind-backboard-basketball/
if-the-ball-goes-through-the-hoop-from-below-does-it-count-basket,"If the ball goes through the hoop from below, does it count?",basketball,497,https://nextclip.example/sports/other/explainers/if-the-ball-goes-through-the-hoop-from-below-does-it-count-basket/
if-the-ball-hits-the-shot-clock-and-goes-in-basketball,If the ball hits the shot clock and goes in?,basketball,477,https://nextclip.example/sports/other/explainers/if-the-ball-hits-the-shot-clock-and-goes-in-basketball/
if-the-ball-is-in-air-and-foul-before-buzzer-and-1-basketball,"If the ball is in air and foul before buzzer, and-1?",basketball,487,https://nextclip.example/sports/other/explainers/if-the-ball-is-in-air-and-foul-before-buzzer-and-1-basketball/
if-the-ball-is-in-cylinder-when-clock-hits-zero-basketball,If the ball is in cylinder when clock hits zero?,basketball,477,https://nextclip.example/sports/other/explainers/if-the-ball-is-in-cylinder-when-clock-hits-zero-basketball/
if-the-ball-is-still-in-the-air-when-shot-clock-hits-zero-an-bask,"If the ball is still in the air when shot clock hits zero and then goes in, does it count?",basketball,577,https://nextclip.example/sports/other/explainers/if-the-ball-is-still-in-the-air-when-shot-clock-hits-zero-an-bask/
if-the-ball-is-stuck-between-rim-and-backboard-at-buzzer-basketba,If the ball is stuck between rim and backboard at buzzer?,basketball,487,https://nextclip.example/sports/other/explainers/if-the-ball-is-stuck-between-rim-and-backboard-at-buzzer-basketba/
if-the-ball-lodges-between-rim-and-board-at-final-second-basketba,If the ball lodges between rim and board at final second?,basketball,487,https://nextclip.example/sports/other/explainers/if-the-ball-lodges-between-rim-and-board-at-final-second-basketba/
if-the-buzzer-sounds-mid-dribble-is-travelling-still-called-baske,"If the buzzer sounds mid-dribble, is travelling still called?",basketball,467,https://nextclip.example/sports/other/explainers/if-the-buzzer-sounds-mid-dribble-is-travelling-still-called-baske/
if-the-game-clock-and-shot-clock-differ-by-0-1-at-release-basketb,If the game clock and shot clock differ by 0.1 at release?,basketball,497,https://nextclip.example/sports/other/explainers/if-the-game-clock-and-shot-clock-differ-by-0-1-at-release-basketb/
if-the-game-ends-with-ball-pinned-against-backboard-basketball,If the game ends with ball pinned against backboard?,basketball,467,https://nextclip.example/sports/other/explainers/if-the-game-ends-with-ball-pinned-against-backboard-basketball/
if-the-horn-sounds-while-ball-is-on-rim-basketball,If the horn sounds while ball is on rim?,basketball,467,https://nextclip.example/sports/other/explainers/if-the-horn-sounds-while-ball-is-on-rim-basketball/
if-the-replay-shows-0-00-but-ball-left-hand-at-0-04-does-it--bask,"If the replay shows 0.00 but ball left hand at 0.04, does it count?",basketball,517,https://nextclip.example/sports/other/explainers/if-the-replay-shows-0-00-but-ball-left-hand-at-0-04-does-it--bask/
if-the-scoreboard-shows-0-0-but-light-is-still-red-basketball,If the scoreboard shows 0.0 but light is still red?,basketball,477,https://nextclip.example/sports/other/explainers/if-the-scoreboard-shows-0-0-but-light-is-still-red-basketball/
if-a-fighter-is-still-against-the-cage-with-0-2-left-and-kne-comb,If a fighter is still against the cage with 0.2 left and knee lands after bell?,combat,581,https://nextclip.example/sports/other/explainers/if-a-fighter-is-still-against-the-cage-with-0-2-left-and-kne-comb/
if-a-fighter-is-still-at-180bpm-heart-rate-as-the-bell-rings-comb,If a fighter is still at 180bpm heart rate as the bell rings and collapses?,combat,571,https://nextclip.example/sports/other/explainers/if-a-fighter-is-still-at-180bpm-heart-rate-as-the-bell-rings-comb/
if-a-fighter-is-still-at-weigh-in-with-8-12-cut-and-faints-a-comb,If a fighter is still at weigh-in with 8-12% cut and faints as scales close?,combat,571,https://nextclip.example/sports/other/explainers/if-a-fighter-is-still-at-weigh-in-with-8-12-cut-and-faints-a-comb/
if-a-fighter-is-still-being-checked-by-doctor-as-the-bell-ri-comb,"If a fighter is still being checked by doctor as the bell rings, does round start?",combat,581,https://nextclip.example/sports/other/explainers/if-a-fighter-is-still-being-checked-by-doctor-as-the-bell-ri-comb/
if-a-fighter-is-still-being-counted-out-but-the-bell-for-the-comb,If a fighter is still being counted out but the bell for the next round would have rung?,combat,601,https://nextclip.example/sports/other/explainers/if-a-fighter-is-still-being-counted-out-but-the-bell-for-the-comb/
if-a-fighter-is-still-being-given-instructions-60-seconds-be-comb,If a fighter is still being given instructions 60 seconds between rounds and round starts early?,combat,581,https://nextclip.example/sports/other/explainers/if-a-fighter-is-still-being-given-instructions-60-seconds-be-comb/
if-a-fighter-is-still-being-stitched-with-enswell-as-the-nex-comb,If a fighter is still being stitched with enswell as the next round bell rings?,combat,571,https://nextclip.example/sports/other/explainers/if-a-fighter-is-still-being-stitched-with-enswell-as-the-nex-comb/
if-a-fighter-is-still-bleeding-2-6mm-vs-0-8-swelling-as-the--comb,"If a fighter is still bleeding 2.6mm vs 0.8 swelling as the bell rings, does cut man work?",combat,601,https://nextclip.example/sports/other/explainers/if-a-fighter-is-still-bleeding-2-6mm-vs-0-8-swelling-as-the--comb/
if-a-fighter-is-still-clinched-with-1-second-left-and-elbow--comb,If a fighter is still clinched with 1 second left and elbow lands 0.1 after bell?,combat,581,https://nextclip.example/sports/other/explainers/if-a-fighter-is-still-clinched-with-1-second-left-and-elbow--comb/
if-a-fighter-is-still-dehydrated-5-at-weigh-in-time-is-he-ba-comb,"If a fighter is still dehydrated 5% at weigh-in time, is he banned?",combat,551,https://nextclip.example/sports/other/explainers/if-a-fighter-is-still-dehydrated-5-at-weigh-in-time-is-he-ba-comb/
if-a-fighter-is-still-falling-after-a-knockdown-as-the-bell--comb,"If a fighter is still falling after a knockdown as the bell rings, does count continue?",combat,581,https://nextclip.example/sports/other/explainers/if-a-fighter-is-still-falling-after-a-knockdown-as-the-bell--comb/
if-a-fighter-is-still-grounded-with-knees-down-as-the-head-k-comb,If a fighter is still grounded with knees down as the head kick lands at bell?,combat,581,https://nextclip.example/sports/other/explainers/if-a-fighter-is-still-grounded-with-knees-down-as-the-head-k-comb/
if-a-fighter-is-still-in-the-16-20ft-boxing-ring-corner-with-comb,If a fighter is still in the 16-20ft boxing ring corner with 0.5 left and combo lands after bell?,combat,611,https://nextclip.example/sports/other/explainers/if-a-fighter-is-still-in-the-16-20ft-boxing-ring-corner-with-comb/
if-a-fighter-is-still-in-the-3-minute-between-rounds-break-b-comb,If a fighter is still in the 3-minute between-rounds break but wants to continue early?,combat,571,https://nextclip.example/sports/other/explainers/if-a-fighter-is-still-in-the-3-minute-between-rounds-break-b-comb/
if-a-fighter-is-still-in-the-750-sq-ft-octagon-but-foot-is-o-comb,If a fighter is still in the 750 sq-ft Octagon but foot is on line at bell?,combat,591,https://nextclip.example/sports/other/explainers/if-a-fighter-is-still-in-the-750-sq-ft-octagon-but-foot-is-o-comb/
if-a-fighter-is-still-in-the-air-from-a-flying-knee-when-the-comb,If a fighter is still in the air from a flying knee when the bell rings?,combat,581,https://nextclip.example/sports/other/explainers/if-a-fighter-is-still-in-the-air-from-a-flying-knee-when-the-comb/
if-a-fighter-is-still-in-the-apex-1000-empty-arena-vs-20k-ar-comb,If a fighter is still in the Apex 1000 empty arena vs 20k arena as punch flies after bell?,combat,611,https://nextclip.example/sports/other/explainers/if-a-fighter-is-still-in-the-apex-1000-empty-arena-vs-20k-ar-comb/
if-a-fighter-is-still-in-the-blue-corner-when-the-towel-is-t-comb,If a fighter is still in the blue corner when the towel is thrown still in air?,combat,591,https://nextclip.example/sports/other/explainers/if-a-fighter-is-still-in-the-blue-corner-when-the-towel-is-t-comb/
if-a-fighter-is-still-in-the-octagon-with-0-01-left-on-clock-comb,If a fighter is still in the Octagon with 0.01 left on clock and lands a head kick?,combat,601,https://nextclip.example/sports/other/explainers/if-a-fighter-is-still-in-the-octagon-with-0-01-left-on-clock-comb/
if-a-fighter-is-still-on-the-canvas-with-10-count-3-2-1-as-b-comb,If a fighter is still on the canvas with 10 count 3...2...1 as bell rings for next round in tournament?,combat,621,https://nextclip.example/sports/other/explainers/if-a-fighter-is-still-on-the-canvas-with-10-count-3-2-1-as-b-comb/
if-a-fighter-is-still-on-the-scale-with-towel-at-weight-time-comb,If a fighter is still on the scale with towel at weight time?,combat,551,https://nextclip.example/sports/other/explainers/if-a-fighter-is-still-on-the-scale-with-towel-at-weight-time-comb/
if-a-fighter-is-still-on-the-stool-when-the-bell-rings-for-n-comb,If a fighter is still on the stool when the bell rings for next round?,combat,571,https://nextclip.example/sports/other/explainers/if-a-fighter-is-still-on-the-stool-when-the-bell-rings-for-n-comb/
if-a-fighter-is-still-standing-8-count-as-the-bell-rings-in--comb,If a fighter is still standing 8 count as the bell rings in boxing 12x3?,combat,571,https://nextclip.example/sports/other/explainers/if-a-fighter-is-still-standing-8-count-as-the-bell-rings-in--comb/
if-a-fighter-is-still-wrapping-hands-as-the-walkout-bell-rin-comb,If a fighter is still wrapping hands as the walkout bell rings?,combat,541,https://nextclip.example/sports/other/explainers/if-a-fighter-is-still-wrapping-hands-as-the-walkout-bell-rin-comb/
if-a-fighter-lands-a-punch-with-0-00-on-clock-but-light-stil-comb,If a fighter lands a punch with 0.00 on clock but light still lit?,combat,561,https://nextclip.example/sports/other/explainers/if-a-fighter-lands-a-punch-with-0-00-on-clock-but-light-stil-comb/
if-a-fighter-misses-weight-but-is-still-cutting-as-the-bell--comb,If a fighter misses weight but is still cutting as the bell for weigh-in ends?,combat,571,https://nextclip.example/sports/other/explainers/if-a-fighter-misses-weight-but-is-still-cutting-as-the-bell--comb/
if-a-fighter-taps-0-1-after-the-bell-while-choke-is-still-on-comb,"If a fighter taps 0.1 after the bell while choke is still on, is it win?",combat,581,https://nextclip.example/sports/other/explainers/if-a-fighter-taps-0-1-after-the-bell-while-choke-is-still-on-comb/
if-a-fighter-taps-to-strikes-still-being-thrown-as-the-bell--comb,If a fighter taps to strikes still being thrown as the bell rings?,combat,551,https://nextclip.example/sports/other/explainers/if-a-fighter-taps-to-strikes-still-being-thrown-as-the-bell--comb/
if-a-fighters-corner-is-still-shouting-instructions-as-the-b-comb,If a fighter's corner is still shouting instructions as the bell rings?,combat,541,https://nextclip.example/sports/other/explainers/if-a-fighters-corner-is-still-shouting-instructions-as-the-b-comb/
if-a-fighters-corner-throws-towel-still-in-air-as-the-knocko-comb,If a fighter's corner throws towel still in air as the knockout punch lands mid-flight?,combat,571,https://nextclip.example/sports/other/explainers/if-a-fighters-corner-throws-towel-still-in-air-as-the-knocko-comb/
if-a-fighters-glove-is-still-undone-as-the-punch-lands-combat,If a fighter's glove is still undone as the punch lands?,combat,531,https://nextclip.example/sports/other/explainers/if-a-fighters-glove-is-still-undone-as-the-punch-lands-combat/
if-a-fighters-head-kick-is-still-in-motion-as-the-bell-rings-comb,If a fighter's head kick is still in motion as the bell rings for the round end?,combat,591,https://nextclip.example/sports/other/explainers/if-a-fighters-head-kick-is-still-in-motion-as-the-bell-rings-comb/
if-a-fighters-mouthpiece-is-still-flying-as-the-punch-lands--comb,If a fighter's mouthpiece is still flying as the punch lands after bell?,combat,551,https://nextclip.example/sports/other/explainers/if-a-fighters-mouthpiece-is-still-flying-as-the-punch-lands--comb/
if-a-headbutt-is-still-bleeding-as-the-bell-rings-does-docto-comb,"If a headbutt is still bleeding as the bell rings, does doctor stop between rounds?",combat,571,https://nextclip.example/sports/other/explainers/if-a-headbutt-is-still-bleeding-as-the-bell-rings-does-docto-comb/
if-a-knockout-punch-lands-0-1-after-the-bell-is-it-a-foul-or-comb,"If a knockout punch lands 0.1 after the bell, is it a foul or a win?",combat,581,https://nextclip.example/sports/other/explainers/if-a-knockout-punch-lands-0-1-after-the-bell-is-it-a-foul-or-comb/
if-a-low-blow-is-still-being-assessed-as-the-punch-that-foll-comb,If a low blow is still being assessed as the punch that followed lands?,combat,561,https://nextclip.example/sports/other/explainers/if-a-low-blow-is-still-being-assessed-as-the-punch-that-foll-comb/
if-a-punch-is-still-in-the-air-when-the-corner-throws-in-the-comb,If a punch is still in the air when the corner throws in the towel?,combat,571,https://nextclip.example/sports/other/explainers/if-a-punch-is-still-in-the-air-when-the-corner-throws-in-the-comb/
if-a-punch-is-still-travelling-when-the-bell-rings-at-300-do-comb,"If a punch is still travelling when the bell rings at 3:00, does it score?",combat,571,https://nextclip.example/sports/other/explainers/if-a-punch-is-still-travelling-when-the-bell-rings-at-300-do-comb/
if-a-submission-is-still-being-applied-as-the-bell-rings-doe-comb,"If a submission is still being applied as the bell rings, does tap count?",combat,561,https://nextclip.example/sports/other/explainers/if-a-submission-is-still-being-applied-as-the-bell-rings-doe-comb/
if-a-takedown-is-still-in-motion-when-the-round-ends-does-it-comb,"If a takedown is still in motion when the round ends, does it score?",combat,561,https://nextclip.example/sports/other/explainers/if-a-takedown-is-still-in-motion-when-the-round-ends-does-it-comb/
if-the-cornerman-is-still-in-the-ring-as-the-punch-is-flying-comb,If the cornerman is still in the ring as the punch is flying at bell?,combat,571,https://nextclip.example/sports/other/explainers/if-the-cornerman-is-still-in-the-ring-as-the-punch-is-flying-comb/
if-the-cut-mans-enswell-is-still-on-the-swelling-as-the-punc-comb,If the cut man's enswell is still on the swelling as the punch lands after bell?,combat,581,https://nextclip.example/sports/other/explainers/if-the-cut-mans-enswell-is-still-on-the-swelling-as-the-punc-comb/
if-the-gloves-touch-the-canvas-still-sliding-as-the-bell-rin-comb,If the gloves touch the canvas still sliding as the bell rings?,combat,541,https://nextclip.example/sports/other/explainers/if-the-gloves-touch-the-canvas-still-sliding-as-the-bell-rin-comb/
if-the-referee-is-still-counting-10-seconds-as-the-bell-ring-comb,If the referee is still counting 10 seconds as the bell rings for the round?,combat,571,https://nextclip.example/sports/other/explainers/if-the-referee-is-still-counting-10-seconds-as-the-bell-ring-comb/
if-a-catch-is-claimed-with-ball-still-wobbling-in-hands-at-b-cric,If a catch is claimed with ball still wobbling in hands at boundary?,cricket,545,https://nextclip.example/sports/other/explainers/if-a-catch-is-claimed-with-ball-still-wobbling-in-hands-at-b-cric/
if-a-catch-is-taken-with-ball-still-brushing-the-rope-cricket,If a catch is taken with ball still brushing the rope?,cricket,525,https://nextclip.example/sports/other/explainers/if-a-catch-is-taken-with-ball-still-brushing-the-rope-cricket/
if-a-catch-is-taken-with-ball-still-spinning-after-hitting-t-cric,If a catch is taken with ball still spinning after hitting two fielders?,cricket,545,https://nextclip.example/sports/other/explainers/if-a-catch-is-taken-with-ball-still-spinning-after-hitting-t-cric/
if-a-no-ball-is-called-after-the-ball-is-already-hit-for-six-cric,If a no-ball is called after the ball is already hit for six?,cricket,545,https://nextclip.example/sports/other/explainers/if-a-no-ball-is-called-after-the-ball-is-already-hit-for-six-cric/
if-a-run-is-still-being-completed-when-boundary-is-scored-wh-cric,"If a run is still being completed when boundary is scored, which counts?",cricket,545,https://nextclip.example/sports/other/explainers/if-a-run-is-still-being-completed-when-boundary-is-scored-wh-cric/
if-a-six-is-still-climbing-when-the-batter-is-given-out-lbw-crick,If a six is still climbing when the batter is given out LBW?,cricket,545,https://nextclip.example/sports/other/explainers/if-a-six-is-still-climbing-when-the-batter-is-given-out-lbw-crick/
if-the-bails-are-already-off-when-ball-hits-stumps-is-it-out-cric,"If the bails are already off when ball hits stumps, is it out?",cricket,545,https://nextclip.example/sports/other/explainers/if-the-bails-are-already-off-when-ball-hits-stumps-is-it-out-cric/
if-the-bails-light-up-0-1-after-ball-passes-is-it-run-out-cricket,"If the bails light up 0.1 after ball passes, is it run out?",cricket,545,https://nextclip.example/sports/other/explainers/if-the-bails-light-up-0-1-after-ball-passes-is-it-run-out-cricket/
if-the-ball-hits-the-bat-and-then-the-pad-and-is-caught-is-i-cric,"If the ball hits the bat and then the pad and is caught, is it out?",cricket,575,https://nextclip.example/sports/other/explainers/if-the-ball-hits-the-bat-and-then-the-pad-and-is-caught-is-i-cric/
if-the-ball-hits-the-batters-helmet-and-lands-in-stumps-cricket,If the ball hits the batter's helmet and lands in stumps?,cricket,525,https://nextclip.example/sports/other/explainers/if-the-ball-hits-the-batters-helmet-and-lands-in-stumps-cricket/
if-the-ball-hits-the-boundary-cushion-and-rebounds-into-fiel-cric,If the ball hits the boundary cushion and rebounds into fielder's hands?,cricket,535,https://nextclip.example/sports/other/explainers/if-the-ball-hits-the-boundary-cushion-and-rebounds-into-fiel-cric/
if-the-ball-hits-the-helmet-grille-and-is-caught-cricket,If the ball hits the helmet grille and is caught?,cricket,515,https://nextclip.example/sports/other/explainers/if-the-ball-hits-the-helmet-grille-and-is-caught-cricket/
if-the-ball-hits-the-non-strikers-bat-and-then-hits-stumps-i-cric,"If the ball hits the non-striker's bat and then hits stumps, is it out?",cricket,555,https://nextclip.example/sports/other/explainers/if-the-ball-hits-the-non-strikers-bat-and-then-hits-stumps-i-cric/
if-the-ball-hits-the-pitch-and-then-the-stumps-without-dislo-cric,If the ball hits the pitch and then the stumps without dislodging bails after time?,cricket,565,https://nextclip.example/sports/other/explainers/if-the-ball-hits-the-pitch-and-then-the-stumps-without-dislo-cric/
if-the-ball-hits-the-sight-screen-on-the-full-and-is-caught--cric,If the ball hits the sight screen on the full and is caught over boundary?,cricket,565,https://nextclip.example/sports/other/explainers/if-the-ball-hits-the-sight-screen-on-the-full-and-is-caught--cric/
if-the-ball-hits-the-spidercam-and-is-caught-cricket,If the ball hits the spidercam and is caught?,cricket,505,https://nextclip.example/sports/other/explainers/if-the-ball-hits-the-spidercam-and-is-caught-cricket/
if-the-ball-hits-the-stumps-without-dislodging-bails-is-it-b-cric,"If the ball hits the stumps without dislodging bails, is it bowled?",cricket,535,https://nextclip.example/sports/other/explainers/if-the-ball-hits-the-stumps-without-dislodging-bails-is-it-b-cric/
if-the-ball-hits-the-umpire-and-then-hits-stumps-cricket,If the ball hits the umpire and then hits stumps?,cricket,515,https://nextclip.example/sports/other/explainers/if-the-ball-hits-the-umpire-and-then-hits-stumps-cricket/
if-the-ball-is-caught-off-a-free-hit-with-bails-off-is-it-ou-cric,"If the ball is caught off a free hit with bails off, is it out stumped?",cricket,575,https://nextclip.example/sports/other/explainers/if-the-ball-is-caught-off-a-free-hit-with-bails-off-is-it-ou-cric/
if-the-ball-is-caught-one-handed-while-fielder-is-airborne-o-cric,If the ball is caught one-handed while fielder is airborne over rope?,cricket,535,https://nextclip.example/sports/other/explainers/if-the-ball-is-caught-one-handed-while-fielder-is-airborne-o-cric/
if-the-ball-is-caught-with-fielder-touching-rope-2-6mm-over--cric,"If the ball is caught with fielder touching rope 2.6mm over, is it six?",cricket,555,https://nextclip.example/sports/other/explainers/if-the-ball-is-caught-with-fielder-touching-rope-2-6mm-over--cric/
if-the-ball-is-caught-with-fingers-0-5mm-off-ground-is-it-bu-cric,"If the ball is caught with fingers 0.5mm off ground, is it bump ball?",cricket,555,https://nextclip.example/sports/other/explainers/if-the-ball-is-caught-with-fingers-0-5mm-off-ground-is-it-bu-cric/
if-the-ball-is-hit-twice-deliberately-to-save-wicket-cricket,If the ball is hit twice deliberately to save wicket?,cricket,515,https://nextclip.example/sports/other/explainers/if-the-ball-is-hit-twice-deliberately-to-save-wicket-cricket/
if-the-ball-is-lost-in-the-lights-and-lands-safe-is-it-dead-crick,"If the ball is lost in the lights and lands safe, is it dead?",cricket,555,https://nextclip.example/sports/other/explainers/if-the-ball-is-lost-in-the-lights-and-lands-safe-is-it-dead-crick/
if-the-ball-is-still-in-air-and-the-batter-handles-it-to-pro-cric,If the ball is still in air and the batter handles it to protect stumps?,cricket,565,https://nextclip.example/sports/other/explainers/if-the-ball-is-still-in-air-and-the-batter-handles-it-to-pro-cric/
if-the-ball-is-still-in-air-and-the-fielder-collides-with-si-cric,If the ball is still in air and the fielder collides with sight screen?,cricket,555,https://nextclip.example/sports/other/explainers/if-the-ball-is-still-in-air-and-the-fielder-collides-with-si-cric/
if-the-ball-is-still-in-air-when-floodlights-fail-mid-flight-cric,If the ball is still in air when floodlights fail mid-flight?,cricket,525,https://nextclip.example/sports/other/explainers/if-the-ball-is-still-in-air-when-floodlights-fail-mid-flight-cric/
if-the-ball-is-still-in-air-when-the-over-is-called-does-nex-cric,"If the ball is still in air when the over is called, does next ball start new over?",cricket,595,https://nextclip.example/sports/other/explainers/if-the-ball-is-still-in-air-when-the-over-is-called-does-nex-cric/
if-the-ball-is-still-in-air-when-umpire-calls-time-cricket,If the ball is still in air when umpire calls time?,cricket,525,https://nextclip.example/sports/other/explainers/if-the-ball-is-still-in-air-when-umpire-calls-time-cricket/
if-the-ball-is-still-in-the-air-when-stumps-are-broken-for-a-cric,"If the ball is still in the air when stumps are broken for a run out, is it out or six?",cricket,625,https://nextclip.example/sports/other/explainers/if-the-ball-is-still-in-the-air-when-stumps-are-broken-for-a-cric/
if-the-ball-is-still-in-the-air-with-0-1-seconds-left-on-the-cric,"If the ball is still in the air with 0.1 seconds left on the clock and hits the stumps, is it run out or does time save it?",cricket,695,https://nextclip.example/sports/other/explainers/if-the-ball-is-still-in-the-air-with-0-1-seconds-left-on-the-cric/
if-the-ball-is-still-moving-after-hitting-the-bat-twice-off--cric,If the ball is still moving after hitting the bat twice off edge?,cricket,545,https://nextclip.example/sports/other/explainers/if-the-ball-is-still-moving-after-hitting-the-bat-twice-off--cric/
if-the-ball-is-still-moving-after-hitting-the-keepers-gloves-cric,If the ball is still moving after hitting the keeper's gloves then helmet?,cricket,545,https://nextclip.example/sports/other/explainers/if-the-ball-is-still-moving-after-hitting-the-keepers-gloves-cric/
if-the-ball-is-still-moving-after-hitting-the-pad-before-lbw-cric,If the ball is still moving after hitting the pad before LBW review?,cricket,545,https://nextclip.example/sports/other/explainers/if-the-ball-is-still-moving-after-hitting-the-pad-before-lbw-cric/
if-the-ball-is-still-moving-after-hitting-the-rope-on-fly-vs-cric,If the ball is still moving after hitting the rope on fly vs bounce for four vs six?,cricket,595,https://nextclip.example/sports/other/explainers/if-the-ball-is-still-moving-after-hitting-the-rope-on-fly-vs-cric/
if-the-ball-is-still-moving-and-rain-starts-does-dls-freeze--cric,"If the ball is still moving and rain starts, does DLS freeze it?",cricket,545,https://nextclip.example/sports/other/explainers/if-the-ball-is-still-moving-and-rain-starts-does-dls-freeze--cric/
if-the-ball-is-still-rolling-after-a-dead-ball-call-can-runs-cric,"If the ball is still rolling after a dead ball call, can runs be taken?",cricket,565,https://nextclip.example/sports/other/explainers/if-the-ball-is-still-rolling-after-a-dead-ball-call-can-runs-cric/
if-the-ball-is-still-rolling-to-boundary-when-time-expires-i-cric,If the ball is still rolling to boundary when time expires in Test?,cricket,545,https://nextclip.example/sports/other/explainers/if-the-ball-is-still-rolling-to-boundary-when-time-expires-i-cric/
if-the-ball-lodges-in-the-helmet-after-bouncer-cricket,If the ball lodges in the helmet after bouncer?,cricket,505,https://nextclip.example/sports/other/explainers/if-the-ball-lodges-in-the-helmet-after-bouncer-cricket/
if-the-boundary-rope-is-2-6mm-moved-by-wind-as-ball-lands-on-cric,If the boundary rope is 2.6mm moved by wind as ball lands on it?,cricket,555,https://nextclip.example/sports/other/explainers/if-the-boundary-rope-is-2-6mm-moved-by-wind-as-ball-lands-on-cric/
if-the-bowlers-foot-is-1mm-over-line-at-release-but-no-ball--cric,If the bowler's foot is 1mm over line at release but no-ball not called and wicket falls?,cricket,585,https://nextclip.example/sports/other/explainers/if-the-bowlers-foot-is-1mm-over-line-at-release-but-no-ball--cric/
if-the-light-meter-says-bad-light-while-ball-is-mid-flight-f-cric,If the light meter says bad light while ball is mid-flight for six?,cricket,545,https://nextclip.example/sports/other/explainers/if-the-light-meter-says-bad-light-while-ball-is-mid-flight-f-cric/
if-the-non-striker-is-still-running-when-ball-is-dead-for-ov-cric,If the non-striker is still running when ball is dead for overthrow?,cricket,535,https://nextclip.example/sports/other/explainers/if-the-non-striker-is-still-running-when-ball-is-dead-for-ov-cric/
if-the-super-over-ball-is-still-in-air-when-time-expires-cricket,If the super over ball is still in air when time expires?,cricket,535,https://nextclip.example/sports/other/explainers/if-the-super-over-ball-is-still-in-air-when-time-expires-cricket/
if-a-corner-kick-is-still-flying-when-time-expires-and-then--foot,"If a corner kick is still flying when time expires and then goes in, does it count?",football,540,https://nextclip.example/sports/other/explainers/if-a-corner-kick-is-still-flying-when-time-expires-and-then--foot/
if-a-drop-ball-is-still-bouncing-when-whistle-goes-is-it-dea-foot,"If a drop ball is still bouncing when whistle goes, is it dead?",football,500,https://nextclip.example/sports/other/explainers/if-a-drop-ball-is-still-bouncing-when-whistle-goes-is-it-dea-foot/
if-a-free-kick-is-taken-quickly-while-opponent-still-9m-away-foot,If a free kick is taken quickly while opponent still 9m away and scores?,football,510,https://nextclip.example/sports/other/explainers/if-a-free-kick-is-taken-quickly-while-opponent-still-9m-away-foot/
if-a-free-kick-is-taken-with-the-ball-still-moving-is-it-val-foot,"If a free kick is taken with the ball still moving, is it valid?",football,510,https://nextclip.example/sports/other/explainers/if-a-free-kick-is-taken-with-the-ball-still-moving-is-it-val-foot/
if-a-goal-is-scored-after-the-ball-was-out-of-play-0-1-sec-e-foot,If a goal is scored after the ball was out of play 0.1 sec earlier?,football,520,https://nextclip.example/sports/other/explainers/if-a-goal-is-scored-after-the-ball-was-out-of-play-0-1-sec-e-foot/
if-a-goal-is-scored-with-an-extra-ball-on-the-field-what-hap-foot,"If a goal is scored with an extra ball on the field, what happens?",football,510,https://nextclip.example/sports/other/explainers/if-a-goal-is-scored-with-an-extra-ball-on-the-field-what-hap-foot/
if-a-goalkeeper-throws-the-ball-directly-into-the-opponents--foot,"If a goalkeeper throws the ball directly into the opponent's goal, does it count?",football,510,https://nextclip.example/sports/other/explainers/if-a-goalkeeper-throws-the-ball-directly-into-the-opponents--foot/
if-a-penalty-hits-both-posts-and-then-goes-in-after-whistle-footb,If a penalty hits both posts and then goes in after whistle?,football,490,https://nextclip.example/sports/other/explainers/if-a-penalty-hits-both-posts-and-then-goes-in-after-whistle-footb/
if-a-penalty-is-taken-after-the-whistle-for-full-time-does-i-foot,"If a penalty is taken after the whistle for full time, does it count?",football,510,https://nextclip.example/sports/other/explainers/if-a-penalty-is-taken-after-the-whistle-for-full-time-does-i-foot/
if-a-player-handles-on-the-line-to-stop-a-goal-in-last-secon-foot,If a player handles on the line to stop a goal in last second?,football,510,https://nextclip.example/sports/other/explainers/if-a-player-handles-on-the-line-to-stop-a-goal-in-last-secon-foot/
if-a-player-is-off-the-pitch-when-scoring-does-it-count-football,"If a player is off the pitch when scoring, does it count?",football,490,https://nextclip.example/sports/other/explainers/if-a-player-is-off-the-pitch-when-scoring-does-it-count-football/
if-a-player-scores-from-an-offside-position-after-deflection-foot,If a player scores from an offside position after deflection off defender's save?,football,500,https://nextclip.example/sports/other/explainers/if-a-player-scores-from-an-offside-position-after-deflection-foot/
if-a-player-scores-while-offside-but-the-flag-was-late-does--foot,"If a player scores while offside but the flag was late, does it count?",football,510,https://nextclip.example/sports/other/explainers/if-a-player-scores-while-offside-but-the-flag-was-late-does--foot/
if-a-player-throws-the-ball-in-motion-in-the-final-minute-an-foot,"If a player throws the ball in motion in the final minute and scores, will it be counted after time ended?",football,580,https://nextclip.example/sports/other/explainers/if-a-player-throws-the-ball-in-motion-in-the-final-minute-an-foot/
if-a-stray-dog-runs-on-as-ball-is-rolling-in-does-it-count-footba,"If a stray dog runs on as ball is rolling in, does it count?",football,510,https://nextclip.example/sports/other/explainers/if-a-stray-dog-runs-on-as-ball-is-rolling-in-does-it-count-footba/
if-a-throw-in-goes-directly-in-without-touching-anyone-why-i-foot,"If a throw-in goes directly in without touching anyone, why is it a goal kick not a goal?",football,550,https://nextclip.example/sports/other/explainers/if-a-throw-in-goes-directly-in-without-touching-anyone-why-i-foot/
if-a-throw-in-is-still-in-the-air-when-the-final-whistle-blo-foot,"If a throw-in is still in the air when the final whistle blows and then goes in, does the goal count?",football,580,https://nextclip.example/sports/other/explainers/if-a-throw-in-is-still-in-the-air-when-the-final-whistle-blo-foot/
if-the-assistants-flag-goes-up-after-the-ball-is-in-the-net--foot,"If the assistant's flag goes up after the ball is in the net, does it count?",football,530,https://nextclip.example/sports/other/explainers/if-the-assistants-flag-goes-up-after-the-ball-is-in-the-net--foot/
if-the-ball-bursts-in-flight-toward-goal-what-happens-football,"If the ball bursts in flight toward goal, what happens?",football,470,https://nextclip.example/sports/other/explainers/if-the-ball-bursts-in-flight-toward-goal-what-happens-football/
if-the-ball-goes-in-after-a-foul-not-yet-whistled-football,If the ball goes in after a foul not yet whistled?,football,480,https://nextclip.example/sports/other/explainers/if-the-ball-goes-in-after-a-foul-not-yet-whistled-football/
if-the-ball-goes-in-after-a-player-threw-his-boot-at-it-football,If the ball goes in after a player threw his boot at it?,football,500,https://nextclip.example/sports/other/explainers/if-the-ball-goes-in-after-a-player-threw-his-boot-at-it-football/
if-the-ball-goes-in-after-bouncing-off-the-corner-flag-football,If the ball goes in after bouncing off the corner flag?,football,480,https://nextclip.example/sports/other/explainers/if-the-ball-goes-in-after-bouncing-off-the-corner-flag-football/
if-the-ball-goes-in-after-hitting-the-crossbar-twice-mid-air-foot,If the ball goes in after hitting the crossbar twice mid-air?,football,480,https://nextclip.example/sports/other/explainers/if-the-ball-goes-in-after-hitting-the-crossbar-twice-mid-air-foot/
if-the-ball-goes-in-after-hitting-the-referees-spray-can-football,If the ball goes in after hitting the referee's spray can?,football,480,https://nextclip.example/sports/other/explainers/if-the-ball-goes-in-after-hitting-the-referees-spray-can-football/
if-the-ball-goes-in-after-the-assistant-signals-but-ref-over-foot,If the ball goes in after the assistant signals but ref overrules?,football,490,https://nextclip.example/sports/other/explainers/if-the-ball-goes-in-after-the-assistant-signals-but-ref-over-foot/
if-the-ball-goes-in-after-the-ball-boy-threw-a-second-ball-t-foot,If the ball goes in after the ball boy threw a second ball to stop it?,football,530,https://nextclip.example/sports/other/explainers/if-the-ball-goes-in-after-the-ball-boy-threw-a-second-ball-t-foot/
if-the-ball-goes-in-after-the-net-was-displaced-by-wind-football,If the ball goes in after the net was displaced by wind?,football,490,https://nextclip.example/sports/other/explainers/if-the-ball-goes-in-after-the-net-was-displaced-by-wind-football/
if-the-ball-goes-in-after-the-whistle-but-before-players-hea-foot,If the ball goes in after the whistle but before players hear it?,football,500,https://nextclip.example/sports/other/explainers/if-the-ball-goes-in-after-the-whistle-but-before-players-hea-foot/
if-the-ball-goes-in-direct-from-kick-off-football,If the ball goes in direct from kick-off?,football,450,https://nextclip.example/sports/other/explainers/if-the-ball-goes-in-direct-from-kick-off-football/
if-the-ball-goes-in-from-a-goal-kick-that-was-still-moving-footba,If the ball goes in from a goal kick that was still moving?,football,500,https://nextclip.example/sports/other/explainers/if-the-ball-goes-in-from-a-goal-kick-that-was-still-moving-footba/
if-the-ball-goes-in-from-a-handball-after-time-football,If the ball goes in from a handball after time?,football,470,https://nextclip.example/sports/other/explainers/if-the-ball-goes-in-from-a-handball-after-time-football/
if-the-ball-goes-in-from-a-throw-in-that-was-a-foul-throw-bu-foot,If the ball goes in from a throw-in that was a foul throw but not called?,football,530,https://nextclip.example/sports/other/explainers/if-the-ball-goes-in-from-a-throw-in-that-was-a-foul-throw-bu-foot/
if-the-ball-goes-in-from-a-throw-in-with-wrong-foot-placemen-foot,If the ball goes in from a throw-in with wrong foot placement?,football,490,https://nextclip.example/sports/other/explainers/if-the-ball-goes-in-from-a-throw-in-with-wrong-foot-placemen-foot/
if-the-ball-goes-in-from-an-indirect-free-kick-without-touch-foot,If the ball goes in from an indirect free kick without touch?,football,490,https://nextclip.example/sports/other/explainers/if-the-ball-goes-in-from-an-indirect-free-kick-without-touch-foot/
if-the-ball-goes-in-when-the-corner-flag-is-missing-football,If the ball goes in when the corner flag is missing?,football,480,https://nextclip.example/sports/other/explainers/if-the-ball-goes-in-when-the-corner-flag-is-missing-football/
if-the-ball-goes-in-while-the-clock-shows-9000-but-ref-hasnt-foot,If the ball goes in while the clock shows 90:00 but ref hasn't blown?,football,510,https://nextclip.example/sports/other/explainers/if-the-ball-goes-in-while-the-clock-shows-9000-but-ref-hasnt-foot/
if-the-ball-goes-in-while-the-medical-team-is-on-the-pitch-footba,If the ball goes in while the medical team is on the pitch?,football,500,https://nextclip.example/sports/other/explainers/if-the-ball-goes-in-while-the-medical-team-is-on-the-pitch-footba/
if-the-ball-hits-the-referee-and-goes-in-after-whistle-does--foot,"If the ball hits the referee and goes in after whistle, does it count?",football,510,https://nextclip.example/sports/other/explainers/if-the-ball-hits-the-referee-and-goes-in-after-whistle-does--foot/
if-the-ball-is-kicked-from-off-the-pitch-and-goes-in-football,If the ball is kicked from off the pitch and goes in?,football,490,https://nextclip.example/sports/other/explainers/if-the-ball-is-kicked-from-off-the-pitch-and-goes-in-football/
if-the-extra-time-board-shows-3-but-ref-blows-at-259-with-ba-foot,If the extra time board shows 3 but ref blows at 2:59 with ball flying?,football,520,https://nextclip.example/sports/other/explainers/if-the-extra-time-board-shows-3-but-ref-blows-at-259-with-ba-foot/
if-the-floodlights-fail-while-ball-is-in-air-toward-goal-football,If the floodlights fail while ball is in air toward goal?,football,480,https://nextclip.example/sports/other/explainers/if-the-floodlights-fail-while-ball-is-in-air-toward-goal-football/
if-the-goal-net-is-torn-and-ball-goes-through-does-it-count-footb,"If the goal net is torn and ball goes through, does it count?",football,500,https://nextclip.example/sports/other/explainers/if-the-goal-net-is-torn-and-ball-goes-through-does-it-count-footb/
if-the-referee-blows-whistle-accidentally-while-shot-is-in-a-foot,If the referee blows whistle accidentally while shot is in air?,football,480,https://nextclip.example/sports/other/explainers/if-the-referee-blows-whistle-accidentally-while-shot-is-in-a-foot/
if-the-stadium-clock-says-9000-but-refs-watch-says-8958-with-foot,If the stadium clock says 90:00 but ref's watch says 89:58 with ball flying?,football,510,https://nextclip.example/sports/other/explainers/if-the-stadium-clock-says-9000-but-refs-watch-says-8958-with-foot/
if-the-taking-team-scores-an-own-goal-from-a-throw-in-football,If the taking team scores an own goal from a throw-in?,football,480,https://nextclip.example/sports/other/explainers/if-the-taking-team-scores-an-own-goal-from-a-throw-in-football/
if-time-expires-during-a-penalty-shootout-kick-still-in-air-footb,If time expires during a penalty shootout kick still in air?,football,480,https://nextclip.example/sports/other/explainers/if-time-expires-during-a-penalty-shootout-kick-still-in-air-footb/
if-two-balls-are-on-the-pitch-and-one-goes-in-does-it-count-footb,"If two balls are on the pitch and one goes in, does it count?",football,510,https://nextclip.example/sports/other/explainers/if-two-balls-are-on-the-pitch-and-one-goes-in-does-it-count-footb/
if-var-reviews-a-goal-after-teams-have-kicked-off-again-football,If VAR reviews a goal after teams have kicked off again?,football,480,https://nextclip.example/sports/other/explainers/if-var-reviews-a-goal-after-teams-have-kicked-off-again-football/
if-a-ball-is-still-bouncing-in-a-bunker-when-play-is-suspend-golf,"If a ball is still bouncing in a bunker when play is suspended, is the lie kept?",golf,644,https://nextclip.example/sports/other/explainers/if-a-ball-is-still-bouncing-in-a-bunker-when-play-is-suspend-golf/
if-a-ball-is-still-in-motion-after-hitting-a-sprinkler-head-golf,If a ball is still in motion after hitting a sprinkler head?,golf,584,https://nextclip.example/sports/other/explainers/if-a-ball-is-still-in-motion-after-hitting-a-sprinkler-head-golf/
if-a-ball-is-still-moving-after-a-caddie-alignment-violation-golf,If a ball is still moving after a caddie alignment violation?,golf,572,https://nextclip.example/sports/other/explainers/if-a-ball-is-still-moving-after-a-caddie-alignment-violation-golf/
if-a-ball-is-still-moving-after-a-caddie-touches-it-golf,If a ball is still moving after a caddie touches it?,golf,572,https://nextclip.example/sports/other/explainers/if-a-ball-is-still-moving-after-a-caddie-touches-it-golf/
if-a-ball-is-still-moving-after-a-cart-path-bounce-golf,If a ball is still moving after a cart path bounce?,golf,572,https://nextclip.example/sports/other/explainers/if-a-ball-is-still-moving-after-a-cart-path-bounce-golf/
if-a-ball-is-still-moving-after-a-wrong-ball-is-played-golf,If a ball is still moving after a wrong ball is played?,golf,584,https://nextclip.example/sports/other/explainers/if-a-ball-is-still-moving-after-a-wrong-ball-is-played-golf/
if-a-ball-is-still-moving-after-being-dropped-from-knee-heig-golf,If a ball is still moving after being dropped from knee height incorrectly?,golf,596,https://nextclip.example/sports/other/explainers/if-a-ball-is-still-moving-after-being-dropped-from-knee-heig-golf/
if-a-ball-is-still-moving-after-hitting-a-rake-in-the-bunker-golf,If a ball is still moving after hitting a rake in the bunker?,golf,596,https://nextclip.example/sports/other/explainers/if-a-ball-is-still-moving-after-hitting-a-rake-in-the-bunker-golf/
if-a-ball-is-still-moving-after-it-was-lifted-and-replaced-i-golf,If a ball is still moving after it was lifted and replaced incorrectly?,golf,596,https://nextclip.example/sports/other/explainers/if-a-ball-is-still-moving-after-it-was-lifted-and-replaced-i-golf/
if-a-ball-is-still-on-the-green-when-the-scorers-table-horn--golf,If a ball is still on the green when the scorer's table horn sounds?,golf,608,https://nextclip.example/sports/other/explainers/if-a-ball-is-still-on-the-green-when-the-scorers-table-horn--golf/
if-a-ball-is-still-on-the-lip-for-10-seconds-after-the-strok-golf,"If a ball is still on the lip for 10 seconds after the stroke, when does 10-sec period start?",golf,668,https://nextclip.example/sports/other/explainers/if-a-ball-is-still-on-the-lip-for-10-seconds-after-the-strok-golf/
if-a-ball-is-still-oscillating-on-the-lip-at-10-seconds-afte-golf,If a ball is still oscillating on the lip at 10 seconds after coming to rest?,golf,632,https://nextclip.example/sports/other/explainers/if-a-ball-is-still-oscillating-on-the-lip-at-10-seconds-afte-golf/
if-a-chip-is-still-in-air-when-the-player-double-hits-it-golf,If a chip is still in air when the player double-hits it?,golf,584,https://nextclip.example/sports/other/explainers/if-a-chip-is-still-in-air-when-the-player-double-hits-it-golf/
if-a-chip-is-still-in-air-when-the-player-grounds-club-behin-golf,If a chip is still in air when the player grounds club behind ball?,golf,608,https://nextclip.example/sports/other/explainers/if-a-chip-is-still-in-air-when-the-player-grounds-club-behin-golf/
if-a-drive-is-still-in-flight-when-the-group-ahead-is-still--golf,"If a drive is still in flight when the group ahead is still on green, is it replayed?",golf,656,https://nextclip.example/sports/other/explainers/if-a-drive-is-still-in-flight-when-the-group-ahead-is-still--golf/
if-a-putt-is-still-circling-the-lip-10-seconds-after-the-hor-golf,"If a putt is still circling the lip 10 seconds after the horn, is it holed?",golf,632,https://nextclip.example/sports/other/explainers/if-a-putt-is-still-circling-the-lip-10-seconds-after-the-hor-golf/
if-a-putt-is-still-moving-after-the-player-steps-on-his-line-golf,If a putt is still moving after the player steps on his line?,golf,596,https://nextclip.example/sports/other/explainers/if-a-putt-is-still-moving-after-the-player-steps-on-his-line-golf/
if-a-putt-is-still-rolling-when-the-player-concedes-in-match-golf,If a putt is still rolling when the player concedes in match play?,golf,596,https://nextclip.example/sports/other/explainers/if-a-putt-is-still-rolling-when-the-player-concedes-in-match-golf/
if-a-putt-is-still-rolling-when-the-player-lifts-the-flagsti-golf,If a putt is still rolling when the player lifts the flagstick and ball hits it?,golf,632,https://nextclip.example/sports/other/explainers/if-a-putt-is-still-rolling-when-the-player-lifts-the-flagsti-golf/
if-a-tee-shot-is-still-in-flight-when-a-spectator-shouts-and-golf,If a tee shot is still in flight when a spectator shouts and deflects it?,golf,620,https://nextclip.example/sports/other/explainers/if-a-tee-shot-is-still-in-flight-when-a-spectator-shouts-and-golf/
if-the-ball-is-still-airborne-when-it-hits-another-ball-on-t-golf,If the ball is still airborne when it hits another ball on the green?,golf,608,https://nextclip.example/sports/other/explainers/if-the-ball-is-still-airborne-when-it-hits-another-ball-on-t-golf/
if-the-ball-is-still-in-air-when-the-player-accidentally-hit-golf,If the ball is still in air when the player accidentally hits two balls?,golf,608,https://nextclip.example/sports/other/explainers/if-the-ball-is-still-in-air-when-the-player-accidentally-hit-golf/
if-the-ball-is-still-in-flight-and-hits-a-drone-is-it-replay-golf,"If the ball is still in flight and hits a drone, is it replayed?",golf,608,https://nextclip.example/sports/other/explainers/if-the-ball-is-still-in-flight-and-hits-a-drone-is-it-replay-golf/
if-the-ball-is-still-in-flight-when-the-player-calls-for-a-p-golf,If the ball is still in flight when the player calls for a provisional after lost ball not found?,golf,668,https://nextclip.example/sports/other/explainers/if-the-ball-is-still-in-flight-when-the-player-calls-for-a-p-golf/
if-the-ball-is-still-in-the-air-after-a-shank-that-hits-a-tr-golf,If the ball is still in the air after a shank that hits a tree?,golf,620,https://nextclip.example/sports/other/explainers/if-the-ball-is-still-in-the-air-after-a-shank-that-hits-a-tr-golf/
if-the-ball-is-still-in-the-air-and-the-wind-moves-it-6-yard-golf,If the ball is still in the air and the wind moves it 6 yards after horn?,golf,644,https://nextclip.example/sports/other/explainers/if-the-ball-is-still-in-the-air-and-the-wind-moves-it-6-yard-golf/
if-the-ball-is-still-in-the-air-from-a-drive-when-the-horn-b-golf,"If the ball is still in the air from a drive when the horn blows, does it count?",golf,656,https://nextclip.example/sports/other/explainers/if-the-ball-is-still-in-the-air-from-a-drive-when-the-horn-b-golf/
if-the-ball-is-still-in-the-air-when-the-3-minute-search-tim-golf,If the ball is still in the air when the 3-minute search time expires?,golf,608,https://nextclip.example/sports/other/explainers/if-the-ball-is-still-in-the-air-when-the-3-minute-search-tim-golf/
if-the-ball-is-still-in-the-air-when-the-shot-clock-40-sec-e-golf,If the ball is still in the air when the shot clock (40 sec) expires in match play?,golf,656,https://nextclip.example/sports/other/explainers/if-the-ball-is-still-in-the-air-when-the-shot-clock-40-sec-e-golf/
if-the-ball-is-still-moving-after-a-green-is-under-repair-be-golf,If the ball is still moving after a green is under repair being watered?,golf,608,https://nextclip.example/sports/other/explainers/if-the-ball-is-still-moving-after-a-green-is-under-repair-be-golf/
if-the-ball-is-still-moving-after-a-penalty-drop-that-rolled-golf,If the ball is still moving after a penalty drop that rolled 2 club lengths?,golf,620,https://nextclip.example/sports/other/explainers/if-the-ball-is-still-moving-after-a-penalty-drop-that-rolled-golf/
if-the-ball-is-still-moving-after-a-practice-swing-hits-it-golf,If the ball is still moving after a practice swing hits it?,golf,584,https://nextclip.example/sports/other/explainers/if-the-ball-is-still-moving-after-a-practice-swing-hits-it-golf/
if-the-ball-is-still-moving-after-a-provisional-is-hit-when--golf,If the ball is still moving after a provisional is hit when original is found?,golf,620,https://nextclip.example/sports/other/explainers/if-the-ball-is-still-moving-after-a-provisional-is-hit-when--golf/
if-the-ball-is-still-moving-after-hitting-a-goose-on-the-fai-golf,If the ball is still moving after hitting a goose on the fairway?,golf,596,https://nextclip.example/sports/other/explainers/if-the-ball-is-still-moving-after-hitting-a-goose-on-the-fai-golf/
if-the-ball-is-still-moving-after-it-embeds-in-its-pitch-mar-golf,If the ball is still moving after it embeds in its pitch mark?,golf,596,https://nextclip.example/sports/other/explainers/if-the-ball-is-still-moving-after-it-embeds-in-its-pitch-mar-golf/
if-the-ball-is-still-moving-after-the-player-breaches-14-clu-golf,If the ball is still moving after the player breaches 14-club limit mid-round?,golf,596,https://nextclip.example/sports/other/explainers/if-the-ball-is-still-moving-after-the-player-breaches-14-clu-golf/
if-the-ball-is-still-moving-after-the-player-grounds-club-in-golf,If the ball is still moving after the player grounds club in bunker?,golf,596,https://nextclip.example/sports/other/explainers/if-the-ball-is-still-moving-after-the-player-grounds-club-in-golf/
if-the-ball-is-still-moving-in-the-water-hazard-after-suspen-golf,"If the ball is still moving in the water hazard after suspension, is it retrieved?",golf,620,https://nextclip.example/sports/other/explainers/if-the-ball-is-still-moving-in-the-water-hazard-after-suspen-golf/
if-the-ball-is-still-on-the-green-when-the-cut-is-decided-do-golf,"If the ball is still on the green when the cut is decided, does it affect cut?",golf,644,https://nextclip.example/sports/other/explainers/if-the-ball-is-still-on-the-green-when-the-cut-is-decided-do-golf/
if-the-ball-is-still-perched-on-the-lip-as-the-committee-sus-golf,"If the ball is still perched on the lip as the committee suspends play, is it marked?",golf,644,https://nextclip.example/sports/other/explainers/if-the-ball-is-still-perched-on-the-lip-as-the-committee-sus-golf/
if-the-ball-is-still-rolling-after-a-provisional-that-was-un-golf,If the ball is still rolling after a provisional that was unnecessary?,golf,584,https://nextclip.example/sports/other/explainers/if-the-ball-is-still-rolling-after-a-provisional-that-was-un-golf/
if-the-ball-is-still-rolling-after-hitting-a-yardage-book-le-golf,If the ball is still rolling after hitting a yardage book left on green?,golf,608,https://nextclip.example/sports/other/explainers/if-the-ball-is-still-rolling-after-hitting-a-yardage-book-le-golf/
if-the-ball-is-still-rolling-after-hitting-the-pin-with-flag-golf,If the ball is still rolling after hitting the pin with flag in?,golf,596,https://nextclip.example/sports/other/explainers/if-the-ball-is-still-rolling-after-hitting-the-pin-with-flag-golf/
if-the-ball-is-still-rolling-on-the-green-when-the-horn-for--golf,"If the ball is still rolling on the green when the horn for suspension blows, is it holed?",golf,656,https://nextclip.example/sports/other/explainers/if-the-ball-is-still-rolling-on-the-green-when-the-horn-for--golf/
if-a-car-crosses-the-line-after-time-with-fuel-still-burning-moto,"If a car crosses the line after time with fuel still burning, is it classified?",motorsport,557,https://nextclip.example/sports/other/explainers/if-a-car-crosses-the-line-after-time-with-fuel-still-burning-moto/
if-a-car-crosses-the-line-with-tyre-still-punctured-after-la-moto,"If a car crosses the line with tyre still punctured after last lap, does it count?",motorsport,567,https://nextclip.example/sports/other/explainers/if-a-car-crosses-the-line-with-tyre-still-punctured-after-la-moto/
if-a-car-is-still-accelerating-when-drs-closes-1-sec-after-f-moto,If a car is still accelerating when DRS closes 1 sec after flag?,motorsport,537,https://nextclip.example/sports/other/explainers/if-a-car-is-still-accelerating-when-drs-closes-1-sec-after-f-moto/
if-a-car-is-still-at-1000bhp-hybrid-when-flag-waves-is-ers-s-moto,"If a car is still at 1000bhp hybrid when flag waves, is ERS still counted?",motorsport,557,https://nextclip.example/sports/other/explainers/if-a-car-is-still-at-1000bhp-hybrid-when-flag-waves-is-ers-s-moto/
if-a-car-is-still-at-300-sensors-1khz-after-flag-is-data-sti-moto,"If a car is still at 300 sensors 1kHz after flag, is data still logged?",motorsport,557,https://nextclip.example/sports/other/explainers/if-a-car-is-still-at-300-sensors-1khz-after-flag-is-data-sti-moto/
if-a-car-is-still-at-500hz-sensor-as-it-crosses-line-at-flag-moto,If a car is still at 500Hz sensor as it crosses line at flag?,motorsport,547,https://nextclip.example/sports/other/explainers/if-a-car-is-still-at-500hz-sensor-as-it-crosses-line-at-flag-moto/
if-a-car-is-still-burning-fuel-to-reach-798kg-minimum-after--moto,If a car is still burning fuel to reach 798kg minimum after flag?,motorsport,537,https://nextclip.example/sports/other/explainers/if-a-car-is-still-burning-fuel-to-reach-798kg-minimum-after--moto/
if-a-car-is-still-coasting-with-engine-off-after-flag-is-it--moto,"If a car is still coasting with engine off after flag, is it push to parc ferme legal?",motorsport,587,https://nextclip.example/sports/other/explainers/if-a-car-is-still-coasting-with-engine-off-after-flag-is-it--moto/
if-a-car-is-still-in-first-gear-launch-when-lights-out-is-ab-moto,If a car is still in first gear launch when lights out is aborted?,motorsport,547,https://nextclip.example/sports/other/explainers/if-a-car-is-still-in-first-gear-launch-when-lights-out-is-ab-moto/
if-a-car-is-still-in-parc-ferme-but-still-moving-after-flag--moto,"If a car is still in parc ferme but still moving after flag, is it breach?",motorsport,567,https://nextclip.example/sports/other/explainers/if-a-car-is-still-in-parc-ferme-but-still-moving-after-flag--moto/
if-a-car-is-still-in-the-305km-limit-with-78th-lap-still-to--moto,If a car is still in the 305km limit with 78th lap still to go when time expires (2-hour rule)?,motorsport,607,https://nextclip.example/sports/other/explainers/if-a-car-is-still-in-the-305km-limit-with-78th-lap-still-to--moto/
if-a-car-is-still-in-the-air-after-eau-rouge-jump-when-flag--moto,If a car is still in the air after Eau Rouge jump when flag waves?,motorsport,557,https://nextclip.example/sports/other/explainers/if-a-car-is-still-in-the-air-after-eau-rouge-jump-when-flag--moto/
if-a-car-is-still-in-the-air-over-a-kerb-when-time-expires-motors,If a car is still in the air over a kerb when time expires?,motorsport,547,https://nextclip.example/sports/other/explainers/if-a-car-is-still-in-the-air-over-a-kerb-when-time-expires-motors/
if-a-car-is-still-in-the-drs-zone-after-the-line-when-flag-w-moto,If a car is still in the DRS zone after the line when flag waves?,motorsport,557,https://nextclip.example/sports/other/explainers/if-a-car-is-still-in-the-drs-zone-after-the-line-when-flag-w-moto/
if-a-car-is-still-in-the-garage-at-flag-with-plank-wear-1mm--moto,"If a car is still in the garage at flag with plank wear 1mm, is it DSQ?",motorsport,577,https://nextclip.example/sports/other/explainers/if-a-car-is-still-in-the-garage-at-flag-with-plank-wear-1mm--moto/
if-a-car-is-still-in-the-gravel-but-still-moving-when-flag-w-moto,If a car is still in the gravel but still moving when flag waves?,motorsport,547,https://nextclip.example/sports/other/explainers/if-a-car-is-still-in-the-gravel-but-still-moving-when-flag-w-moto/
if-a-car-is-still-in-the-pit-entry-when-safety-car-is-deploy-moto,"If a car is still in the pit entry when safety car is deployed, does it lose a lap?",motorsport,597,https://nextclip.example/sports/other/explainers/if-a-car-is-still-in-the-pit-entry-when-safety-car-is-deploy-moto/
if-a-car-is-still-in-the-pit-lane-when-the-flag-waves-is-it--moto,"If a car is still in the pit lane when the flag waves, is it classified?",motorsport,567,https://nextclip.example/sports/other/explainers/if-a-car-is-still-in-the-pit-lane-when-the-flag-waves-is-it--moto/
if-a-car-is-still-in-the-pit-limiter-80kph-as-flag-waves-motorspo,If a car is still in the pit limiter 80kph as flag waves?,motorsport,537,https://nextclip.example/sports/other/explainers/if-a-car-is-still-in-the-pit-limiter-80kph-as-flag-waves-motorspo/
if-a-car-is-still-lapped-but-still-racing-leader-when-flag-w-moto,"If a car is still lapped but still racing leader when flag waves, is it blue flag?",motorsport,577,https://nextclip.example/sports/other/explainers/if-a-car-is-still-lapped-but-still-racing-leader-when-flag-w-moto/
if-a-car-is-still-moving-after-taking-the-chequered-flag-doe-moto,"If a car is still moving after taking the chequered flag, does it count as finished?",motorsport,567,https://nextclip.example/sports/other/explainers/if-a-car-is-still-moving-after-taking-the-chequered-flag-doe-moto/
if-a-car-is-still-on-its-fast-lap-when-red-flag-waves-mid-se-moto,"If a car is still on its fast lap when red flag waves mid-sector, is lap deleted?",motorsport,577,https://nextclip.example/sports/other/explainers/if-a-car-is-still-on-its-fast-lap-when-red-flag-waves-mid-se-moto/
if-a-car-is-still-on-its-final-lap-with-2-seconds-left-on-th-moto,"If a car is still on its final lap with 2 seconds left on the 2-hour clock when the flag waves early, which lap counts?",motorsport,657,https://nextclip.example/sports/other/explainers/if-a-car-is-still-on-its-final-lap-with-2-seconds-left-on-th-moto/
if-a-car-is-still-on-its-out-lap-when-q1-time-expires-can-it-moto,"If a car is still on its out-lap when Q1 time expires, can it start a flying lap?",motorsport,587,https://nextclip.example/sports/other/explainers/if-a-car-is-still-on-its-out-lap-when-q1-time-expires-can-it-moto/
if-a-car-is-still-on-jacks-when-race-resumes-is-it-penalty-motors,"If a car is still on jacks when race resumes, is it penalty?",motorsport,537,https://nextclip.example/sports/other/explainers/if-a-car-is-still-on-jacks-when-race-resumes-is-it-penalty-motors/
if-a-car-is-still-on-track-after-taking-flag-twice-motorsport,If a car is still on track after taking flag twice?,motorsport,517,https://nextclip.example/sports/other/explainers/if-a-car-is-still-on-track-after-taking-flag-twice-motorsport/
if-a-car-is-still-on-wet-tyres-with-1-5mm-rain-after-flag-is-moto,"If a car is still on wet tyres with 1.5mm rain after flag, is it relevant?",motorsport,567,https://nextclip.example/sports/other/explainers/if-a-car-is-still-on-wet-tyres-with-1-5mm-rain-after-flag-is-moto/
if-a-car-is-still-overhauling-before-the-line-at-0-001-who-w-moto,"If a car is still overhauling before the line at 0.001, who wins?",motorsport,537,https://nextclip.example/sports/other/explainers/if-a-car-is-still-overhauling-before-the-line-at-0-001-who-w-moto/
if-a-car-is-still-overtaking-under-yellow-as-flag-waves-motorspor,If a car is still overtaking under yellow as flag waves?,motorsport,517,https://nextclip.example/sports/other/explainers/if-a-car-is-still-overtaking-under-yellow-as-flag-waves-motorspor/
if-a-car-is-still-refuelling-mid-race-when-red-flag-shows-is-moto,"If a car is still refuelling mid-race when red flag shows, is it allowed?",motorsport,547,https://nextclip.example/sports/other/explainers/if-a-car-is-still-refuelling-mid-race-when-red-flag-shows-is-moto/
if-a-car-is-still-sideways-at-the-line-with-2-6mm-margin-motorspo,If a car is still sideways at the line with 2.6mm margin?,motorsport,527,https://nextclip.example/sports/other/explainers/if-a-car-is-still-sideways-at-the-line-with-2-6mm-margin-motorspo/
if-a-car-is-still-spinning-after-contact-at-the-line-is-it-c-moto,"If a car is still spinning after contact at the line, is it classified by last line before spin?",motorsport,597,https://nextclip.example/sports/other/explainers/if-a-car-is-still-spinning-after-contact-at-the-line-is-it-c-moto/
if-a-car-is-still-under-107-in-q1-but-improves-on-last-lap-a-moto,If a car is still under 107% in Q1 but improves on last lap after time?,motorsport,567,https://nextclip.example/sports/other/explainers/if-a-car-is-still-under-107-in-q1-but-improves-on-last-lap-a-moto/
if-a-car-is-still-within-1-sec-for-drs-as-flag-waves-does-dr-moto,"If a car is still within 1 sec for DRS as flag waves, does DRS matter?",motorsport,567,https://nextclip.example/sports/other/explainers/if-a-car-is-still-within-1-sec-for-drs-as-flag-waves-does-dr-moto/
if-a-crash-is-still-happening-as-the-flag-waves-is-it-red-fl-moto,"If a crash is still happening as the flag waves, is it red-flagged?",motorsport,537,https://nextclip.example/sports/other/explainers/if-a-crash-is-still-happening-as-the-flag-waves-is-it-red-fl-moto/
if-a-formula-e-car-is-still-regenerating-40-when-flag-waves--moto,"If a Formula E car is still regenerating 40% when flag waves, does it matter?",motorsport,557,https://nextclip.example/sports/other/explainers/if-a-formula-e-car-is-still-regenerating-40-when-flag-waves--moto/
if-a-kart-is-still-sliding-when-the-flag-waves-motorsport,If a kart is still sliding when the flag waves?,motorsport,507,https://nextclip.example/sports/other/explainers/if-a-kart-is-still-sliding-when-the-flag-waves-motorsport/
if-a-motogp-bike-is-still-wheelieing-across-the-line-at-time-moto,If a MotoGP bike is still wheelieing across the line at time?,motorsport,527,https://nextclip.example/sports/other/explainers/if-a-motogp-bike-is-still-wheelieing-across-the-line-at-time-moto/
if-a-penalty-is-still-pending-when-flag-waves-is-it-applied--moto,"If a penalty is still pending when flag waves, is it applied after?",motorsport,537,https://nextclip.example/sports/other/explainers/if-a-penalty-is-still-pending-when-flag-waves-is-it-applied--moto/
if-a-tyre-is-still-degrading-0-08-per-lap-when-the-race-is-r-moto,If a tyre is still degrading 0.08 per lap when the race is red-flagged mid-lap?,motorsport,557,https://nextclip.example/sports/other/explainers/if-a-tyre-is-still-degrading-0-08-per-lap-when-the-race-is-r-moto/
if-a-wrc-car-is-still-mid-jump-when-time-is-called-is-the-ti-moto,"If a WRC car is still mid-jump when time is called, is the time counted?",motorsport,557,https://nextclip.example/sports/other/explainers/if-a-wrc-car-is-still-mid-jump-when-time-is-called-is-the-ti-moto/
if-drs-is-still-open-when-the-flag-waves-is-it-legal-motorsport,"If DRS is still open when the flag waves, is it legal?",motorsport,527,https://nextclip.example/sports/other/explainers/if-drs-is-still-open-when-the-flag-waves-is-it-legal-motorsport/
if-the-chequered-flag-waves-while-a-car-is-still-mid-corner--moto,"If the chequered flag waves while a car is still mid-corner before the line, does the lap count?",motorsport,587,https://nextclip.example/sports/other/explainers/if-the-chequered-flag-waves-while-a-car-is-still-mid-corner--moto/
if-the-safety-car-is-still-out-when-time-expires-does-race-e-moto,"If the safety car is still out when time expires, does race end under safety car?",motorsport,567,https://nextclip.example/sports/other/explainers/if-the-safety-car-is-still-out-when-time-expires-does-race-e-moto/
if-a-charge-down-ball-is-still-in-air-as-hooter-sounds-can-i-rugb,"If a charge-down ball is still in air as hooter sounds, can it be caught to score?",rugby,612,https://nextclip.example/sports/other/explainers/if-a-charge-down-ball-is-still-in-air-as-hooter-sounds-can-i-rugb/
if-a-conversion-is-still-to-be-taken-as-hooter-sounds-after--rugb,If a conversion is still to be taken as hooter sounds after try before hooter?,rugby,590,https://nextclip.example/sports/other/explainers/if-a-conversion-is-still-to-be-taken-as-hooter-sounds-after--rugb/
if-a-conversion-is-still-wobbling-on-the-uprights-after-hoot-rugb,If a conversion is still wobbling on the uprights after hooter?,rugby,546,https://nextclip.example/sports/other/explainers/if-a-conversion-is-still-wobbling-on-the-uprights-after-hoot-rugb/
if-a-drop-goal-is-kicked-as-the-hooter-sounds-and-then-goes--rugb,If a drop goal is kicked as the hooter sounds and then goes over?,rugby,579,https://nextclip.example/sports/other/explainers/if-a-drop-goal-is-kicked-as-the-hooter-sounds-and-then-goes--rugb/
if-a-high-tackle-is-still-being-reviewed-in-bunker-8-min-wit-rugb,If a high tackle is still being reviewed in bunker 8 min with ball still out?,rugby,601,https://nextclip.example/sports/other/explainers/if-a-high-tackle-is-still-being-reviewed-in-bunker-8-min-wit-rugb/
if-a-kick-is-still-being-charged-down-as-hooter-sounds-is-it-rugb,"If a kick is still being charged down as hooter sounds, is it play on?",rugby,590,https://nextclip.example/sports/other/explainers/if-a-kick-is-still-being-charged-down-as-hooter-sounds-is-it-rugb/
if-a-lineout-is-still-forming-with-2m-15m-gap-at-hooter-is-i-rugb,"If a lineout is still forming with 2m-15m gap at hooter, is it played?",rugby,579,https://nextclip.example/sports/other/explainers/if-a-lineout-is-still-forming-with-2m-15m-gap-at-hooter-is-i-rugb/
if-a-lineout-throw-is-still-in-the-air-when-time-expires-is--rugb,"If a lineout throw is still in the air when time expires, is it played?",rugby,590,https://nextclip.example/sports/other/explainers/if-a-lineout-throw-is-still-in-the-air-when-time-expires-is--rugb/
if-a-penalty-kick-is-still-flying-when-time-expires-does-it--rugb,"If a penalty kick is still flying when time expires, does it count?",rugby,568,https://nextclip.example/sports/other/explainers/if-a-penalty-kick-is-still-flying-when-time-expires-does-it--rugb/
if-a-penalty-try-is-awarded-with-ball-still-in-motion-before-rugb,If a penalty try is awarded with ball still in motion before line?,rugby,568,https://nextclip.example/sports/other/explainers/if-a-penalty-try-is-awarded-with-ball-still-in-motion-before-rugb/
if-a-player-is-still-being-held-up-over-the-line-with-ball-s-rugb,If a player is still being held up over the line with ball still not grounded at hooter?,rugby,623,https://nextclip.example/sports/other/explainers/if-a-player-is-still-being-held-up-over-the-line-with-ball-s-rugb/
if-a-player-is-still-in-the-sin-bin-when-hooter-sounds-can-h-rugb,"If a player is still in the sin bin when hooter sounds, can he return?",rugby,590,https://nextclip.example/sports/other/explainers/if-a-player-is-still-in-the-sin-bin-when-hooter-sounds-can-h-rugb/
if-a-player-is-still-in-touch-while-catching-ball-in-air-at--rugb,If a player is still in touch while catching ball in air at time?,rugby,579,https://nextclip.example/sports/other/explainers/if-a-player-is-still-in-touch-while-catching-ball-in-air-at--rugb/
if-a-player-is-still-offside-10m-from-kick-when-time-expires-rugb,If a player is still offside 10m from kick when time expires and ball still flying?,rugby,601,https://nextclip.example/sports/other/explainers/if-a-player-is-still-offside-10m-from-kick-when-time-expires-rugb/
if-a-player-is-still-offside-from-previous-ruck-as-ball-stil-rugb,If a player is still offside from previous ruck as ball still in ruck at hooter?,rugby,601,https://nextclip.example/sports/other/explainers/if-a-player-is-still-offside-from-previous-ruck-as-ball-stil-rugb/
if-a-player-is-still-tackling-with-ball-still-in-hand-at-hoo-rugb,"If a player is still tackling with ball still in hand at hooter, is it maul?",rugby,601,https://nextclip.example/sports/other/explainers/if-a-player-is-still-tackling-with-ball-still-in-hand-at-hoo-rugb/
if-a-player-kicks-to-touch-with-ball-still-in-air-after-hoot-rugb,If a player kicks to touch with ball still in air after hooter from before hooter?,rugby,601,https://nextclip.example/sports/other/explainers/if-a-player-kicks-to-touch-with-ball-still-in-air-after-hoot-rugb/
if-a-player-throws-the-ball-forward-still-in-motion-as-hoote-rugb,"If a player throws the ball forward still in motion as hooter sounds, is it knock-on?",rugby,601,https://nextclip.example/sports/other/explainers/if-a-player-throws-the-ball-forward-still-in-motion-as-hoote-rugb/
if-a-quick-tap-is-taken-after-hooter-from-penalty-before-hoo-rugb,If a quick tap is taken after hooter from penalty before hooter?,rugby,557,https://nextclip.example/sports/other/explainers/if-a-quick-tap-is-taken-after-hooter-from-penalty-before-hoo-rugb/
if-a-scrum-is-still-being-set-when-time-expires-does-it-play-rugb,"If a scrum is still being set when time expires, does it play?",rugby,568,https://nextclip.example/sports/other/explainers/if-a-scrum-is-still-being-set-when-time-expires-does-it-play-rugb/
if-a-scrum-penalty-is-still-being-advantage-played-with-ball-rugb,If a scrum penalty is still being advantage played with ball still at 9's feet at hooter?,rugby,612,https://nextclip.example/sports/other/explainers/if-a-scrum-penalty-is-still-being-advantage-played-with-ball-rugb/
if-a-try-is-scored-with-ball-still-being-held-up-by-defender-rugb,If a try is scored with ball still being held up by defender at hooter?,rugby,590,https://nextclip.example/sports/other/explainers/if-a-try-is-scored-with-ball-still-being-held-up-by-defender-rugb/
if-a-try-is-scored-with-ball-still-in-motion-after-hooter-fr-rugb,If a try is scored with ball still in motion after hooter from a kick before hooter?,rugby,612,https://nextclip.example/sports/other/explainers/if-a-try-is-scored-with-ball-still-in-motion-after-hooter-fr-rugb/
if-a-try-is-still-being-grounded-with-ball-still-moving-on-l-rugb,If a try is still being grounded with ball still moving on line at hooter?,rugby,590,https://nextclip.example/sports/other/explainers/if-a-try-is-still-being-grounded-with-ball-still-moving-on-l-rugb/
if-the-ball-goes-into-touch-still-in-air-after-time-is-lineo-rugb,"If the ball goes into touch still in air after time, is lineout played?",rugby,579,https://nextclip.example/sports/other/explainers/if-the-ball-goes-into-touch-still-in-air-after-time-is-lineo-rugb/
if-the-ball-is-still-being-passed-along-the-line-as-hooter-s-rugb,"If the ball is still being passed along the line as hooter sounds, can try be scored?",rugby,612,https://nextclip.example/sports/other/explainers/if-the-ball-is-still-being-passed-along-the-line-as-hooter-s-rugb/
if-the-ball-is-still-bouncing-from-a-kick-that-was-charged-d-rugb,If the ball is still bouncing from a kick that was charged down at hooter?,rugby,590,https://nextclip.example/sports/other/explainers/if-the-ball-is-still-bouncing-from-a-kick-that-was-charged-d-rugb/
if-the-ball-is-still-in-a-maul-when-time-expires-does-play-c-rugb,"If the ball is still in a maul when time expires, does play continue?",rugby,579,https://nextclip.example/sports/other/explainers/if-the-ball-is-still-in-a-maul-when-time-expires-does-play-c-rugb/
if-the-ball-is-still-in-a-ruck-gate-1m-as-time-expires-rugby,If the ball is still in a ruck gate 1m as time expires?,rugby,568,https://nextclip.example/sports/other/explainers/if-the-ball-is-still-in-a-ruck-gate-1m-as-time-expires-rugby/
if-the-ball-is-still-in-a-ruck-with-jackal-at-0-8-sec-when-t-rugb,If the ball is still in a ruck with jackal at 0.8 sec when time expires?,rugby,601,https://nextclip.example/sports/other/explainers/if-the-ball-is-still-in-a-ruck-with-jackal-at-0-8-sec-when-t-rugb/
if-the-ball-is-still-in-flight-from-a-cross-field-kick-at-80-rugb,If the ball is still in flight from a cross-field kick at 80:00+0.1?,rugby,568,https://nextclip.example/sports/other/explainers/if-the-ball-is-still-in-flight-from-a-cross-field-kick-at-80-rugb/
if-the-ball-is-still-in-the-22m-when-time-expires-can-quick--rugb,"If the ball is still in the 22m when time expires, can quick lineout be taken?",rugby,601,https://nextclip.example/sports/other/explainers/if-the-ball-is-still-in-the-22m-when-time-expires-can-quick--rugb/
if-the-ball-is-still-in-the-air-from-a-5022-kick-at-hooter-rugby,If the ball is still in the air from a 50:22 kick at hooter?,rugby,579,https://nextclip.example/sports/other/explainers/if-the-ball-is-still-in-the-air-from-a-5022-kick-at-hooter-rugby/
if-the-ball-is-still-in-the-air-from-a-box-kick-as-hooter-so-rugb,If the ball is still in the air from a box kick as hooter sounds?,rugby,590,https://nextclip.example/sports/other/explainers/if-the-ball-is-still-in-the-air-from-a-box-kick-as-hooter-so-rugb/
if-the-ball-is-still-in-the-air-from-a-conversion-kick-when--rugb,"If the ball is still in the air from a conversion kick when the final hooter sounds, does it count?",rugby,645,https://nextclip.example/sports/other/explainers/if-the-ball-is-still-in-the-air-from-a-conversion-kick-when--rugb/
if-the-ball-is-still-in-the-air-from-a-goal-line-drop-out-at-rugb,If the ball is still in the air from a goal-line drop-out at hooter?,rugby,579,https://nextclip.example/sports/other/explainers/if-the-ball-is-still-in-the-air-from-a-goal-line-drop-out-at-rugb/
if-the-ball-is-still-in-the-air-from-a-restart-after-a-try-a-rugb,If the ball is still in the air from a restart after a try at hooter?,rugby,601,https://nextclip.example/sports/other/explainers/if-the-ball-is-still-in-the-air-from-a-restart-after-a-try-a-rugb/
if-the-ball-is-still-in-the-in-goal-after-a-kick-as-hooter-s-rugb,If the ball is still in the in-goal after a kick as hooter sounds?,rugby,579,https://nextclip.example/sports/other/explainers/if-the-ball-is-still-in-the-in-goal-after-a-kick-as-hooter-s-rugb/
if-the-ball-is-still-in-the-scrum-tunnel-at-hooter-rugby,If the ball is still in the scrum tunnel at hooter?,rugby,546,https://nextclip.example/sports/other/explainers/if-the-ball-is-still-in-the-scrum-tunnel-at-hooter-rugby/
if-the-ball-is-still-rolling-after-a-knock-on-with-advantage-rugb,If the ball is still rolling after a knock-on with advantage being played at hooter?,rugby,590,https://nextclip.example/sports/other/explainers/if-the-ball-is-still-rolling-after-a-knock-on-with-advantage-rugb/
if-the-ball-is-still-rolling-dead-in-goal-as-hooter-sounds-i-rugb,"If the ball is still rolling dead in-goal as hooter sounds, is it 22 drop-out?",rugby,590,https://nextclip.example/sports/other/explainers/if-the-ball-is-still-rolling-dead-in-goal-as-hooter-sounds-i-rugb/
if-the-ball-is-still-rolling-from-a-kick-off-when-hooter-sou-rugb,If the ball is still rolling from a kick-off when hooter sounds?,rugby,557,https://nextclip.example/sports/other/explainers/if-the-ball-is-still-rolling-from-a-kick-off-when-hooter-sou-rugb/
if-the-hooter-sounds-mid-kick-for-touch-finder-rugby,If the hooter sounds mid-kick for touch finder?,rugby,513,https://nextclip.example/sports/other/explainers/if-the-hooter-sounds-mid-kick-for-touch-finder-rugby/
if-the-tmo-is-still-reviewing-with-ball-still-on-line-at-hoo-rugb,If the TMO is still reviewing with ball still on line at hooter?,rugby,568,https://nextclip.example/sports/other/explainers/if-the-tmo-is-still-reviewing-with-ball-still-on-line-at-hoo-rugb/
if-a-ball-from-adjacent-court-rolls-in-during-rally-tennis,If a ball from adjacent court rolls in during rally?,tennis,449,https://nextclip.example/sports/other/explainers/if-a-ball-from-adjacent-court-rolls-in-during-rally-tennis/
if-a-ball-hits-a-bird-mid-flight-during-a-rally-tennis,If a ball hits a bird mid-flight during a rally?,tennis,449,https://nextclip.example/sports/other/explainers/if-a-ball-hits-a-bird-mid-flight-during-a-rally-tennis/
if-a-double-bounce-is-missed-by-umpire-and-hawk-eye-shows-it-tenn,If a double-bounce is missed by umpire and Hawk-Eye shows it?,tennis,458,https://nextclip.example/sports/other/explainers/if-a-double-bounce-is-missed-by-umpire-and-hawk-eye-shows-it-tenn/
if-a-let-cord-replay-is-missed-and-ball-was-in-tennis,If a let cord replay is missed and ball was in?,tennis,458,https://nextclip.example/sports/other/explainers/if-a-let-cord-replay-is-missed-and-ball-was-in-tennis/
if-a-let-is-called-after-the-ball-already-landed-out-tennis,If a let is called after the ball already landed out?,tennis,458,https://nextclip.example/sports/other/explainers/if-a-let-is-called-after-the-ball-already-landed-out-tennis/
if-a-medical-timeout-is-called-while-ball-is-in-play-tennis,If a medical timeout is called while ball is in play?,tennis,458,https://nextclip.example/sports/other/explainers/if-a-medical-timeout-is-called-while-ball-is-in-play-tennis/
if-a-player-catches-the-ball-before-it-bounces-does-he-lose--tenn,"If a player catches the ball before it bounces, does he lose point?",tennis,476,https://nextclip.example/sports/other/explainers/if-a-player-catches-the-ball-before-it-bounces-does-he-lose--tenn/
if-a-player-challenges-after-8-seconds-not-immediately-is-it-tenn,"If a player challenges after 8 seconds not immediately, is it lost?",tennis,467,https://nextclip.example/sports/other/explainers/if-a-player-challenges-after-8-seconds-not-immediately-is-it-tenn/
if-a-player-double-hits-deliberately-with-two-swings-tennis,If a player double-hits deliberately with two swings?,tennis,431,https://nextclip.example/sports/other/explainers/if-a-player-double-hits-deliberately-with-two-swings-tennis/
if-a-player-grunts-so-loud-opponent-cant-hear-bounce-tennis,If a player grunts so loud opponent can't hear bounce?,tennis,449,https://nextclip.example/sports/other/explainers/if-a-player-grunts-so-loud-opponent-cant-hear-bounce-tennis/
if-a-player-hits-around-the-net-post-legally-on-match-point-tenni,If a player hits around the net post legally on match point?,tennis,467,https://nextclip.example/sports/other/explainers/if-a-player-hits-around-the-net-post-legally-on-match-point-tenni/
if-a-player-hits-ball-after-it-bounced-twice-does-opponent-w-tenn,"If a player hits ball after it bounced twice, does opponent win point?",tennis,476,https://nextclip.example/sports/other/explainers/if-a-player-hits-ball-after-it-bounced-twice-does-opponent-w-tenn/
if-a-player-hits-ball-before-it-crosses-net-tennis,If a player hits ball before it crosses net?,tennis,440,https://nextclip.example/sports/other/explainers/if-a-player-hits-ball-before-it-crosses-net-tennis/
if-a-player-is-injured-as-ball-is-flying-over-is-it-let-tennis,"If a player is injured as ball is flying over, is it let?",tennis,476,https://nextclip.example/sports/other/explainers/if-a-player-is-injured-as-ball-is-flying-over-is-it-let-tennis/
if-a-player-serves-after-the-serve-clock-hits-zero-tennis,If a player serves after the serve clock hits zero?,tennis,449,https://nextclip.example/sports/other/explainers/if-a-player-serves-after-the-serve-clock-hits-zero-tennis/
if-a-player-serves-underarm-on-match-point-and-wins-is-it-al-tenn,"If a player serves underarm on match point and wins, is it allowed?",tennis,476,https://nextclip.example/sports/other/explainers/if-a-player-serves-underarm-on-match-point-and-wins-is-it-al-tenn/
if-a-player-serves-with-foot-over-line-on-match-point-tennis,If a player serves with foot over line on match point?,tennis,458,https://nextclip.example/sports/other/explainers/if-a-player-serves-with-foot-over-line-on-match-point-tennis/
if-a-player-shouts-mid-point-and-opponent-misses-tennis,If a player shouts mid-point and opponent misses?,tennis,431,https://nextclip.example/sports/other/explainers/if-a-player-shouts-mid-point-and-opponent-misses-tennis/
if-a-player-touches-opponents-court-during-point-while-ball--tenn,If a player touches opponent's court during point while ball in air?,tennis,467,https://nextclip.example/sports/other/explainers/if-a-player-touches-opponents-court-during-point-while-ball--tenn/
if-a-player-touches-the-net-while-ball-is-still-in-air-tennis,If a player touches the net while ball is still in air?,tennis,467,https://nextclip.example/sports/other/explainers/if-a-player-touches-the-net-while-ball-is-still-in-air-tennis/
if-a-players-hat-falls-off-during-the-point-and-touches-net-tenni,If a player's hat falls off during the point and touches net?,tennis,467,https://nextclip.example/sports/other/explainers/if-a-players-hat-falls-off-during-the-point-and-touches-net-tenni/
if-a-players-phone-rings-as-opponent-hits-winner-tennis,If a player's phone rings as opponent hits winner?,tennis,440,https://nextclip.example/sports/other/explainers/if-a-players-phone-rings-as-opponent-hits-winner-tennis/
if-a-racket-strings-break-at-impact-and-ball-still-goes-in-tennis,If a racket strings break at impact and ball still goes in?,tennis,467,https://nextclip.example/sports/other/explainers/if-a-racket-strings-break-at-impact-and-ball-still-goes-in-tennis/
if-a-serve-hits-the-net-cord-and-dribbles-over-on-match-poin-tenn,If a serve hits the net cord and dribbles over on match point?,tennis,476,https://nextclip.example/sports/other/explainers/if-a-serve-hits-the-net-cord-and-dribbles-over-on-match-poin-tenn/
if-a-serve-is-in-but-receiver-wasnt-ready-tennis,If a serve is in but receiver wasn't ready?,tennis,440,https://nextclip.example/sports/other/explainers/if-a-serve-is-in-but-receiver-wasnt-ready-tennis/
if-hawk-eye-fails-at-340fps-on-match-point-what-happens-tennis,"If Hawk-Eye fails at 340fps on match point, what happens?",tennis,449,https://nextclip.example/sports/other/explainers/if-hawk-eye-fails-at-340fps-on-match-point-what-happens-tennis/
if-the-ball-breaks-open-mid-rally-tennis,If the ball breaks open mid-rally?,tennis,413,https://nextclip.example/sports/other/explainers/if-the-ball-breaks-open-mid-rally-tennis/
if-the-ball-goes-in-off-the-net-post-and-lands-in-tennis,If the ball goes in off the net post and lands in?,tennis,467,https://nextclip.example/sports/other/explainers/if-the-ball-goes-in-off-the-net-post-and-lands-in-tennis/
if-the-ball-goes-through-the-net-tennis,If the ball goes through the net?,tennis,422,https://nextclip.example/sports/other/explainers/if-the-ball-goes-through-the-net-tennis/
if-the-ball-hits-a-line-judge-and-deflects-in-tennis,If the ball hits a line judge and deflects in?,tennis,449,https://nextclip.example/sports/other/explainers/if-the-ball-hits-a-line-judge-and-deflects-in-tennis/
if-the-ball-hits-the-singles-stick-and-goes-in-tennis,If the ball hits the singles stick and goes in?,tennis,449,https://nextclip.example/sports/other/explainers/if-the-ball-hits-the-singles-stick-and-goes-in-tennis/
if-the-ball-hits-the-umpires-chair-and-lands-in-tennis,If the ball hits the umpire's chair and lands in?,tennis,449,https://nextclip.example/sports/other/explainers/if-the-ball-hits-the-umpires-chair-and-lands-in-tennis/
if-the-ball-is-still-bouncing-when-time-is-called-in-tennis--tenn,"If the ball is still bouncing when time is called in tennis (no clock), does it count?",tennis,512,https://nextclip.example/sports/other/explainers/if-the-ball-is-still-bouncing-when-time-is-called-in-tennis--tenn/
if-the-ball-is-still-in-air-when-umpire-overrules-incorrectl-tenn,If the ball is still in air when umpire overrules incorrectly?,tennis,458,https://nextclip.example/sports/other/explainers/if-the-ball-is-still-in-air-when-umpire-overrules-incorrectl-tenn/
if-the-ball-is-still-rising-when-opponent-calls-out-incorrec-tenn,If the ball is still rising when opponent calls out incorrectly?,tennis,458,https://nextclip.example/sports/other/explainers/if-the-ball-is-still-rising-when-opponent-calls-out-incorrec-tenn/
if-the-ball-is-still-spinning-on-net-cord-when-time-expires--tenn,If the ball is still spinning on net cord when time expires in tiebreak?,tennis,485,https://nextclip.example/sports/other/explainers/if-the-ball-is-still-spinning-on-net-cord-when-time-expires--tenn/
if-the-ball-lands-1mm-out-but-line-judge-calls-in-can-hawk-e-tenn,"If the ball lands 1mm out but line judge calls in, can Hawk-Eye overturn after next point?",tennis,512,https://nextclip.example/sports/other/explainers/if-the-ball-lands-1mm-out-but-line-judge-calls-in-can-hawk-e-tenn/
if-the-ball-lands-on-the-baseline-10cm-slide-on-clay-vs-0-8m-tenn,"If the ball lands on the baseline 10cm slide on clay vs 0.8mm grass, is it in?",tennis,512,https://nextclip.example/sports/other/explainers/if-the-ball-lands-on-the-baseline-10cm-slide-on-clay-vs-0-8m-tenn/
if-the-ball-lands-on-the-line-2-6mm-in-at-120mph-is-it-in-tennis,"If the ball lands on the line 2.6mm in at 120mph, is it in?",tennis,485,https://nextclip.example/sports/other/explainers/if-the-ball-lands-on-the-line-2-6mm-in-at-120mph-is-it-in-tennis/
if-the-crowd-yells-fault-and-player-stops-does-point-replay-tenni,"If the crowd yells fault and player stops, does point replay?",tennis,458,https://nextclip.example/sports/other/explainers/if-the-crowd-yells-fault-and-player-stops-does-point-replay-tenni/
if-the-net-height-is-1-07m-but-sags-1cm-mid-match-does-it-ma-tenn,"If the net height is 1.07m but sags 1cm mid-match, does it matter?",tennis,476,https://nextclip.example/sports/other/explainers/if-the-net-height-is-1-07m-but-sags-1cm-mid-match-does-it-ma-tenn/
if-the-roof-closes-mid-point-due-to-rain-tennis,If the roof closes mid-point due to rain?,tennis,431,https://nextclip.example/sports/other/explainers/if-the-roof-closes-mid-point-due-to-rain-tennis/
if-the-serve-clock-shows-0-but-umpire-allowed-26-seconds-tennis,If the serve clock shows 0 but umpire allowed 26 seconds?,tennis,458,https://nextclip.example/sports/other/explainers/if-the-serve-clock-shows-0-but-umpire-allowed-26-seconds-tennis/
if-the-time-between-points-exceeds-25-seconds-but-umpire-did-tenn,If the time between points exceeds 25 seconds but umpire didn't call?,tennis,467,https://nextclip.example/sports/other/explainers/if-the-time-between-points-exceeds-25-seconds-but-umpire-did-tenn/
